hashtag_id,hashtag_name,country_info,industry_info,trend,creators,publish_cnt,video_views,rank,rank_diff,rank_diff_type
83683018,ejenali,"{'id': 'MY', 'value': 'Malaysia', 'label': 'MY'}","{'id': 25000000000, 'value': 'Games', 'label': 'label_25000000000'}","[{'date': 1746057600, 'value': 0.15}, {'date': 1746144000, 'value': 0.22}, {'date': 1746230400, 'value': 0.23}, {'date': 1746316800, 'value': 0.18}, {'date': 1746403200, 'value': 0.17}, {'date': 1746489600, 'value': 0.15}, {'date': 1746576000, 'value': 0.13}, {'date': 1746662400, 'value': 0.12}, {'date': 1746748800, 'value': 0.13}, {'date': 1746835200, 'value': 0.13}, {'date': 1746921600, 'value': 0.15}, {'date': 1747008000, 'value': 0.16}, {'date': 1747094400, 'value': 0.17}, {'date': 1747180800, 'value': 0.12}, {'date': 1747267200, 'value': 0.12}, {'date': 1747353600, 'value': 0.15}, {'date': 1747440000, 'value': 0.16}, {'date': 1747526400, 'value': 0.18}, {'date': 1747612800, 'value': 0.34}, {'date': 1747699200, 'value': 0.3}, {'date': 1747785600, 'value': 0.36}, {'date': 1747872000, 'value': 0.52}, {'date': 1747958400, 'value': 0.56}, {'date': 1748044800, 'value': 0.61}, {'date': 1748131200, 'value': 0.87}, {'date': 1748217600, 'value': 1}, {'date': 1748304000, 'value': 0.81}, {'date': 1748390400, 'value': 0.68}, {'date': 1748476800, 'value': 0.69}, {'date': 1748563200, 'value': 0.93}]",[],7013,257782256,1,0.0,2
15596763,inteam,"{'id': 'MY', 'value': 'Malaysia', 'label': 'MY'}","{'id': '', 'value': '', 'label': ''}","[{'date': 1746057600, 'value': 0.02}, {'date': 1746144000, 'value': 0.02}, {'date': 1746230400, 'value': 0.02}, {'date': 1746316800, 'value': 0.01}, {'date': 1746403200, 'value': 0.02}, {'date': 1746489600, 'value': 0.02}, {'date': 1746576000, 'value': 0.01}, {'date': 1746662400, 'value': 0.01}, {'date': 1746748800, 'value': 0.02}, {'date': 1746835200, 'value': 0.01}, {'date': 1746921600, 'value': 0.02}, {'date': 1747008000, 'value': 0.02}, {'date': 1747094400, 'value': 0.01}, {'date': 1747180800, 'value': 0.02}, {'date': 1747267200, 'value': 0.02}, {'date': 1747353600, 'value': 0.01}, {'date': 1747440000, 'value': 0.02}, {'date': 1747526400, 'value': 0.03}, {'date': 1747612800, 'value': 0.02}, {'date': 1747699200, 'value': 0.02}, {'date': 1747785600, 'value': 0.07}, {'date': 1747872000, 'value': 0.17}, {'date': 1747958400, 'value': 0.61}, {'date': 1748044800, 'value': 0.59}, {'date': 1748131200, 'value': 0.53}, {'date': 1748217600, 'value': 0.66}, {'date': 1748304000, 'value': 0.79}, {'date': 1748390400, 'value': 0.91}, {'date': 1748476800, 'value': 1}, {'date': 1748563200, 'value': 0.95}]",[],8721,105791735,2,0.0,2
1675926704672769,ejenalithemovie2,"{'id': 'MY', 'value': 'Malaysia', 'label': 'MY'}","{'id': 25000000000, 'value': 'Games', 'label': 'label_25000000000'}","[{'date': 1746057600, 'value': 0.16}, {'date': 1746144000, 'value': 0.23}, {'date': 1746230400, 'value': 0.21}, {'date': 1746316800, 'value': 0.17}, {'date': 1746403200, 'value': 0.14}, {'date': 1746489600, 'value': 0.12}, {'date': 1746576000, 'value': 0.12}, {'date': 1746662400, 'value': 0.11}, {'date': 1746748800, 'value': 0.08}, {'date': 1746835200, 'value': 0.08}, {'date': 1746921600, 'value': 0.15}, {'date': 1747008000, 'value': 0.14}, {'date': 1747094400, 'value': 0.12}, {'date': 1747180800, 'value': 0.09}, {'date': 1747267200, 'value': 0.13}, {'date': 1747353600, 'value': 0.13}, {'date': 1747440000, 'value': 0.15}, {'date': 1747526400, 'value': 0.15}, {'date': 1747612800, 'value': 0.36}, {'date': 1747699200, 'value': 0.34}, {'date': 1747785600, 'value': 0.42}, {'date': 1747872000, 'value': 0.58}, {'date': 1747958400, 'value': 0.64}, {'date': 1748044800, 'value': 0.66}, {'date': 1748131200, 'value': 0.86}, {'date': 1748217600, 'value': 1}, {'date': 1748304000, 'value': 0.78}, {'date': 1748390400, 'value': 0.6}, {'date': 1748476800, 'value': 0.62}, {'date': 1748563200, 'value': 0.82}]",[],3254,137043338,3,0.0,2
17651,mermaid,"{'id': 'MY', 'value': 'Malaysia', 'label': 'MY'}","{'id': '', 'value': '', 'label': ''}","[{'date': 1746057600, 'value': 0.07}, {'date': 1746144000, 'value': 0.08}, {'date': 1746230400, 'value': 0.09}, {'date': 1746316800, 'value': 0.1}, {'date': 1746403200, 'value': 0.07}, {'date': 1746489600, 'value': 0.08}, {'date': 1746576000, 'value': 0.1}, {'date': 1746662400, 'value': 0.08}, {'date': 1746748800, 'value': 0.08}, {'date': 1746835200, 'value': 0.08}, {'date': 1746921600, 'value': 0.11}, {'date': 1747008000, 'value': 0.1}, {'date': 1747094400, 'value': 0.12}, {'date': 1747180800, 'value': 0.11}, {'date': 1747267200, 'value': 0.08}, {'date': 1747353600, 'value': 0.09}, {'date': 1747440000, 'value': 0.09}, {'date': 1747526400, 'value': 0.11}, {'date': 1747612800, 'value': 0.27}, {'date': 1747699200, 'value': 0.1}, {'date': 1747785600, 'value': 0.22}, {'date': 1747872000, 'value': 0.31}, {'date': 1747958400, 'value': 0.56}, {'date': 1748044800, 'value': 0.7}, {'date': 1748131200, 'value': 0.76}, {'date': 1748217600, 'value': 1}, {'date': 1748304000, 'value': 0.92}, {'date': 1748390400, 'value': 0.91}, {'date': 1748476800, 'value': 0.88}, {'date': 1748563200, 'value': 0.87}]","[{'nick_name': 'suncllaire', 'avatar_url': 'https://p77-sign-va.tiktokcdn.com/tos-maliva-avt-0068/2b43d7a2a94df17e0a82089150ee4151~tplv-tiktokx-cropcenter:100:100.png?dr=14579&refresh_token=1853a774&x-expires=1748872800&x-signature=pa1GltX71xlxLVr50z%2Fe4IOUbEQ%3D&t=4d5b0474&ps=13740610&shp=a5d48078&shcp=317596d8&idc=sg1'}]",6123,36758178,4,0.0,2
78598101,paidpartnership,"{'id': 'MY', 'value': 'Malaysia', 'label': 'MY'}","{'id': 25000000000, 'value': 'Games', 'label': 'label_25000000000'}","[{'date': 1746057600, 'value': 0.11}, {'date': 1746144000, 'value': 0.2}, {'date': 1746230400, 'value': 0.14}, {'date': 1746316800, 'value': 0.09}, {'date': 1746403200, 'value': 0.09}, {'date': 1746489600, 'value': 0.06}, {'date': 1746576000, 'value': 0.1}, {'date': 1746662400, 'value': 0.13}, {'date': 1746748800, 'value': 0.18}, {'date': 1746835200, 'value': 0.16}, {'date': 1746921600, 'value': 0.1}, {'date': 1747008000, 'value': 0.11}, {'date': 1747094400, 'value': 0.09}, {'date': 1747180800, 'value': 0.08}, {'date': 1747267200, 'value': 0.07}, {'date': 1747353600, 'value': 0.31}, {'date': 1747440000, 'value': 0.15}, {'date': 1747526400, 'value': 0.08}, {'date': 1747612800, 'value': 0.09}, {'date': 1747699200, 'value': 0.07}, {'date': 1747785600, 'value': 0.15}, {'date': 1747872000, 'value': 0.12}, {'date': 1747958400, 'value': 0.25}, {'date': 1748044800, 'value': 0.3}, {'date': 1748131200, 'value': 0.26}, {'date': 1748217600, 'value': 0.24}, {'date': 1748304000, 'value': 0.23}, {'date': 1748390400, 'value': 0.26}, {'date': 1748476800, 'value': 0.74}, {'date': 1748563200, 'value': 1}]","[{'nick_name': 'ff_dalary üíó‚ú®', 'avatar_url': 'https://p16-sign-sg.tiktokcdn.com/tos-alisg-avt-0068/7b1736eca902948f536bbd92966c8edb~tplv-tiktokx-cropcenter:100:100.png?dr=14579&refresh_token=6f2588a5&x-expires=1748872800&x-signature=9VDwbFULVIH7gjUmVjRCNuc6LG8%3D&t=4d5b0474&ps=13740610&shp=a5d48078&shcp=317596d8&idc=sg1'}, {'nick_name': 'ÊÄïÊ∞¥È±ºü•∞ü•∞ü•∞', 'avatar_url': 'https://p16-sign-sg.tiktokcdn.com/tos-alisg-avt-0068/c902943b24d13e12c1a037714911c6e5~tplv-tiktokx-cropcenter:100:100.png?dr=14579&refresh_token=12bea53b&x-expires=1748872800&x-signature=KV6EkuJrhpyR5OOWT2PUcTDBYUk%3D&t=4d5b0474&ps=13740610&shp=a5d48078&shcp=317596d8&idc=sg1'}]",5462,31751674,5,1.0,1
7442584908695863342,liveincentiveprogram,"{'id': 'MY', 'value': 'Malaysia', 'label': 'MY'}","{'id': '', 'value': '', 'label': ''}","[{'date': 1746057600, 'value': 0.04}, {'date': 1746144000, 'value': 0.04}, {'date': 1746230400, 'value': 0.02}, {'date': 1746316800, 'value': 0.04}, {'date': 1746403200, 'value': 0.04}, {'date': 1746489600, 'value': 0.03}, {'date': 1746576000, 'value': 0.03}, {'date': 1746662400, 'value': 0.04}, {'date': 1746748800, 'value': 0.04}, {'date': 1746835200, 'value': 0.05}, {'date': 1746921600, 'value': 0.04}, {'date': 1747008000, 'value': 0.06}, {'date': 1747094400, 'value': 0.03}, {'date': 1747180800, 'value': 0.04}, {'date': 1747267200, 'value': 0.03}, {'date': 1747353600, 'value': 0.04}, {'date': 1747440000, 'value': 0.05}, {'date': 1747526400, 'value': 0.05}, {'date': 1747612800, 'value': 0.04}, {'date': 1747699200, 'value': 0.04}, {'date': 1747785600, 'value': 0.04}, {'date': 1747872000, 'value': 0.04}, {'date': 1747958400, 'value': 0.22}, {'date': 1748044800, 'value': 0.29}, {'date': 1748131200, 'value': 0.25}, {'date': 1748217600, 'value': 0.24}, {'date': 1748304000, 'value': 0.23}, {'date': 1748390400, 'value': 0.25}, {'date': 1748476800, 'value': 0.73}, {'date': 1748563200, 'value': 1}]","[{'nick_name': 'ff_dalary üíó‚ú®', 'avatar_url': 'https://p16-sign-sg.tiktokcdn.com/tos-alisg-avt-0068/7b1736eca902948f536bbd92966c8edb~tplv-tiktokx-cropcenter:100:100.png?dr=14579&refresh_token=6f2588a5&x-expires=1748872800&x-signature=9VDwbFULVIH7gjUmVjRCNuc6LG8%3D&t=4d5b0474&ps=13740610&shp=a5d48078&shcp=317596d8&idc=sg1'}]",4063,24807600,6,10.0,1
13314485,pbakl,"{'id': 'MY', 'value': 'Malaysia', 'label': 'MY'}","{'id': 10000000000, 'value': 'Education', 'label': 'label_10000000000'}","[{'date': 1746057600, 'value': 0.22}, {'date': 1746144000, 'value': 0.23}, {'date': 1746230400, 'value': 0.24}, {'date': 1746316800, 'value': 0.27}, {'date': 1746403200, 'value': 0.23}, {'date': 1746489600, 'value': 0.26}, {'date': 1746576000, 'value': 0.26}, {'date': 1746662400, 'value': 0.25}, {'date': 1746748800, 'value': 0.23}, {'date': 1746835200, 'value': 0.25}, {'date': 1746921600, 'value': 0.25}, {'date': 1747008000, 'value': 0.23}, {'date': 1747094400, 'value': 0.29}, {'date': 1747180800, 'value': 0.27}, {'date': 1747267200, 'value': 0.33}, {'date': 1747353600, 'value': 0.34}, {'date': 1747440000, 'value': 0.39}, {'date': 1747526400, 'value': 0.35}, {'date': 1747612800, 'value': 0.35}, {'date': 1747699200, 'value': 0.37}, {'date': 1747785600, 'value': 0.42}, {'date': 1747872000, 'value': 0.45}, {'date': 1747958400, 'value': 0.52}, {'date': 1748044800, 'value': 0.81}, {'date': 1748131200, 'value': 0.94}, {'date': 1748217600, 'value': 1}, {'date': 1748304000, 'value': 0.92}, {'date': 1748390400, 'value': 0.9}, {'date': 1748476800, 'value': 0.94}, {'date': 1748563200, 'value': 0.96}]",[],4065,22586941,7,2.0,3
31431549,cutisekolah,"{'id': 'MY', 'value': 'Malaysia', 'label': 'MY'}","{'id': '', 'value': '', 'label': ''}","[{'date': 1746057600, 'value': 0.24}, {'date': 1746144000, 'value': 0.26}, {'date': 1746230400, 'value': 0.21}, {'date': 1746316800, 'value': 0.2}, {'date': 1746403200, 'value': 0.18}, {'date': 1746489600, 'value': 0.17}, {'date': 1746576000, 'value': 0.22}, {'date': 1746662400, 'value': 0.2}, {'date': 1746748800, 'value': 0.19}, {'date': 1746835200, 'value': 0.2}, {'date': 1746921600, 'value': 0.22}, {'date': 1747008000, 'value': 0.25}, {'date': 1747094400, 'value': 0.29}, {'date': 1747180800, 'value': 0.27}, {'date': 1747267200, 'value': 0.3}, {'date': 1747353600, 'value': 0.23}, {'date': 1747440000, 'value': 0.26}, {'date': 1747526400, 'value': 0.25}, {'date': 1747612800, 'value': 0.25}, {'date': 1747699200, 'value': 0.26}, {'date': 1747785600, 'value': 0.27}, {'date': 1747872000, 'value': 0.29}, {'date': 1747958400, 'value': 0.29}, {'date': 1748044800, 'value': 0.32}, {'date': 1748131200, 'value': 0.32}, {'date': 1748217600, 'value': 0.34}, {'date': 1748304000, 'value': 0.42}, {'date': 1748390400, 'value': 0.46}, {'date': 1748476800, 'value': 0.81}, {'date': 1748563200, 'value': 1}]",[],3277,24365460,8,1.0,3
1613583643201538,ejenalicia,"{'id': 'MY', 'value': 'Malaysia', 'label': 'MY'}","{'id': 25000000000, 'value': 'Games', 'label': 'label_25000000000'}","[{'date': 1746057600, 'value': 0.06}, {'date': 1746144000, 'value': 0.16}, {'date': 1746230400, 'value': 0.2}, {'date': 1746316800, 'value': 0.18}, {'date': 1746403200, 'value': 0.15}, {'date': 1746489600, 'value': 0.12}, {'date': 1746576000, 'value': 0.08}, {'date': 1746662400, 'value': 0.09}, {'date': 1746748800, 'value': 0.11}, {'date': 1746835200, 'value': 0.11}, {'date': 1746921600, 'value': 0.13}, {'date': 1747008000, 'value': 0.15}, {'date': 1747094400, 'value': 0.14}, {'date': 1747180800, 'value': 0.12}, {'date': 1747267200, 'value': 0.1}, {'date': 1747353600, 'value': 0.08}, {'date': 1747440000, 'value': 0.15}, {'date': 1747526400, 'value': 0.14}, {'date': 1747612800, 'value': 0.21}, {'date': 1747699200, 'value': 0.19}, {'date': 1747785600, 'value': 0.28}, {'date': 1747872000, 'value': 0.5}, {'date': 1747958400, 'value': 0.51}, {'date': 1748044800, 'value': 0.6}, {'date': 1748131200, 'value': 0.82}, {'date': 1748217600, 'value': 1}, {'date': 1748304000, 'value': 0.82}, {'date': 1748390400, 'value': 0.67}, {'date': 1748476800, 'value': 0.72}, {'date': 1748563200, 'value': 0.97}]",[],1846,60231270,9,1.0,3
765345,asean,"{'id': 'MY', 'value': 'Malaysia', 'label': 'MY'}","{'id': 28000000000, 'value': 'Sports & Outdoor', 'label': 'label_28000000000'}","[{'date': 1746057600, 'value': 0.19}, {'date': 1746144000, 'value': 0.15}, {'date': 1746230400, 'value': 0.16}, {'date': 1746316800, 'value': 0.12}, {'date': 1746403200, 'value': 0.13}, {'date': 1746489600, 'value': 0.14}, {'date': 1746576000, 'value': 0.15}, {'date': 1746662400, 'value': 0.26}, {'date': 1746748800, 'value': 0.2}, {'date': 1746835200, 'value': 0.17}, {'date': 1746921600, 'value': 0.18}, {'date': 1747008000, 'value': 0.15}, {'date': 1747094400, 'value': 0.15}, {'date': 1747180800, 'value': 0.15}, {'date': 1747267200, 'value': 0.2}, {'date': 1747353600, 'value': 0.19}, {'date': 1747440000, 'value': 0.19}, {'date': 1747526400, 'value': 0.21}, {'date': 1747612800, 'value': 0.23}, {'date': 1747699200, 'value': 0.31}, {'date': 1747785600, 'value': 0.33}, {'date': 1747872000, 'value': 0.4}, {'date': 1747958400, 'value': 0.46}, {'date': 1748044800, 'value': 0.48}, {'date': 1748131200, 'value': 0.37}, {'date': 1748217600, 'value': 0.46}, {'date': 1748304000, 'value': 0.64}, {'date': 1748390400, 'value': 0.72}, {'date': 1748476800, 'value': 1}, {'date': 1748563200, 'value': 0.93}]",[],2349,41655823,10,0.0,2
7076656015596322843,eatm2,"{'id': 'MY', 'value': 'Malaysia', 'label': 'MY'}","{'id': 25000000000, 'value': 'Games', 'label': 'label_25000000000'}","[{'date': 1746057600, 'value': 0.25}, {'date': 1746144000, 'value': 0.33}, {'date': 1746230400, 'value': 0.28}, {'date': 1746316800, 'value': 0.26}, {'date': 1746403200, 'value': 0.19}, {'date': 1746489600, 'value': 0.17}, {'date': 1746576000, 'value': 0.16}, {'date': 1746662400, 'value': 0.13}, {'date': 1746748800, 'value': 0.1}, {'date': 1746835200, 'value': 0.15}, {'date': 1746921600, 'value': 0.2}, {'date': 1747008000, 'value': 0.24}, {'date': 1747094400, 'value': 0.22}, {'date': 1747180800, 'value': 0.16}, {'date': 1747267200, 'value': 0.18}, {'date': 1747353600, 'value': 0.23}, {'date': 1747440000, 'value': 0.24}, {'date': 1747526400, 'value': 0.25}, {'date': 1747612800, 'value': 0.47}, {'date': 1747699200, 'value': 0.45}, {'date': 1747785600, 'value': 0.45}, {'date': 1747872000, 'value': 0.6}, {'date': 1747958400, 'value': 0.6}, {'date': 1748044800, 'value': 0.65}, {'date': 1748131200, 'value': 0.87}, {'date': 1748217600, 'value': 1}, {'date': 1748304000, 'value': 0.88}, {'date': 1748390400, 'value': 0.8}, {'date': 1748476800, 'value': 0.69}, {'date': 1748563200, 'value': 0.98}]",[],1741,88514869,11,2.0,3
1670475373022210,stpmstudent,"{'id': 'MY', 'value': 'Malaysia', 'label': 'MY'}","{'id': '', 'value': '', 'label': ''}","[{'date': 1746057600, 'value': 0.23}, {'date': 1746144000, 'value': 0.19}, {'date': 1746230400, 'value': 0.2}, {'date': 1746316800, 'value': 0.2}, {'date': 1746403200, 'value': 0.19}, {'date': 1746489600, 'value': 0.18}, {'date': 1746576000, 'value': 0.17}, {'date': 1746662400, 'value': 0.16}, {'date': 1746748800, 'value': 0.16}, {'date': 1746835200, 'value': 0.18}, {'date': 1746921600, 'value': 0.17}, {'date': 1747008000, 'value': 0.17}, {'date': 1747094400, 'value': 0.13}, {'date': 1747180800, 'value': 0.16}, {'date': 1747267200, 'value': 0.28}, {'date': 1747353600, 'value': 0.24}, {'date': 1747440000, 'value': 0.21}, {'date': 1747526400, 'value': 0.19}, {'date': 1747612800, 'value': 0.3}, {'date': 1747699200, 'value': 0.53}, {'date': 1747785600, 'value': 0.36}, {'date': 1747872000, 'value': 0.32}, {'date': 1747958400, 'value': 0.3}, {'date': 1748044800, 'value': 0.3}, {'date': 1748131200, 'value': 0.25}, {'date': 1748217600, 'value': 0.19}, {'date': 1748304000, 'value': 0.25}, {'date': 1748390400, 'value': 0.28}, {'date': 1748476800, 'value': 1}, {'date': 1748563200, 'value': 0.86}]",[],1970,24765125,12,1.0,3
1692216195982337,aseanallstars,"{'id': 'MY', 'value': 'Malaysia', 'label': 'MY'}","{'id': 28000000000, 'value': 'Sports & Outdoor', 'label': 'label_28000000000'}","[{'date': 1746057600, 'value': 0.01}, {'date': 1746144000, 'value': 0.01}, {'date': 1746230400, 'value': 0.02}, {'date': 1746316800, 'value': 0.02}, {'date': 1746403200, 'value': 0.02}, {'date': 1746489600, 'value': 0.02}, {'date': 1746576000, 'value': 0.03}, {'date': 1746662400, 'value': 0.01}, {'date': 1746748800, 'value': 0.01}, {'date': 1746835200, 'value': 0.01}, {'date': 1746921600, 'value': 0.03}, {'date': 1747008000, 'value': 0.02}, {'date': 1747094400, 'value': 0.01}, {'date': 1747180800, 'value': 0.02}, {'date': 1747267200, 'value': 0.02}, {'date': 1747353600, 'value': 0.02}, {'date': 1747440000, 'value': 0.01}, {'date': 1747526400, 'value': 0.04}, {'date': 1747612800, 'value': 0.04}, {'date': 1747699200, 'value': 0.02}, {'date': 1747785600, 'value': 0.02}, {'date': 1747872000, 'value': 0.02}, {'date': 1747958400, 'value': 0.02}, {'date': 1748044800, 'value': 0.05}, {'date': 1748131200, 'value': 0.05}, {'date': 1748217600, 'value': 0.05}, {'date': 1748304000, 'value': 0.13}, {'date': 1748390400, 'value': 0.3}, {'date': 1748476800, 'value': 1}, {'date': 1748563200, 'value': 0.99}]",[],1926,54227935,13,15.0,1
1650870885319682,ejenalithemovie,"{'id': 'MY', 'value': 'Malaysia', 'label': 'MY'}","{'id': 25000000000, 'value': 'Games', 'label': 'label_25000000000'}","[{'date': 1746057600, 'value': 0.06}, {'date': 1746144000, 'value': 0.13}, {'date': 1746230400, 'value': 0.12}, {'date': 1746316800, 'value': 0.12}, {'date': 1746403200, 'value': 0.12}, {'date': 1746489600, 'value': 0.12}, {'date': 1746576000, 'value': 0.07}, {'date': 1746662400, 'value': 0.09}, {'date': 1746748800, 'value': 0.09}, {'date': 1746835200, 'value': 0.07}, {'date': 1746921600, 'value': 0.03}, {'date': 1747008000, 'value': 0.09}, {'date': 1747094400, 'value': 0.09}, {'date': 1747180800, 'value': 0.07}, {'date': 1747267200, 'value': 0.06}, {'date': 1747353600, 'value': 0.1}, {'date': 1747440000, 'value': 0.08}, {'date': 1747526400, 'value': 0.1}, {'date': 1747612800, 'value': 0.27}, {'date': 1747699200, 'value': 0.28}, {'date': 1747785600, 'value': 0.28}, {'date': 1747872000, 'value': 0.45}, {'date': 1747958400, 'value': 0.56}, {'date': 1748044800, 'value': 0.64}, {'date': 1748131200, 'value': 0.94}, {'date': 1748217600, 'value': 1}, {'date': 1748304000, 'value': 0.82}, {'date': 1748390400, 'value': 0.68}, {'date': 1748476800, 'value': 0.68}, {'date': 1748563200, 'value': 0.94}]",[],1613,40154295,14,1.0,3
7063125880784027675,diabukansyurga,"{'id': 'MY', 'value': 'Malaysia', 'label': 'MY'}","{'id': 23000000000, 'value': 'News & Entertainment', 'label': 'label_23000000000'}","[{'date': 1746057600, 'value': 0.02}, {'date': 1746144000, 'value': 0.01}, {'date': 1746230400, 'value': 0.01}, {'date': 1746316800, 'value': 0.01}, {'date': 1746403200, 'value': 0.04}, {'date': 1746489600, 'value': 0.11}, {'date': 1746576000, 'value': 0.1}, {'date': 1746662400, 'value': 0.09}, {'date': 1746748800, 'value': 0.18}, {'date': 1746835200, 'value': 0.08}, {'date': 1746921600, 'value': 0.05}, {'date': 1747008000, 'value': 0.05}, {'date': 1747094400, 'value': 0.05}, {'date': 1747180800, 'value': 0.09}, {'date': 1747267200, 'value': 0.1}, {'date': 1747353600, 'value': 0.14}, {'date': 1747440000, 'value': 0.18}, {'date': 1747526400, 'value': 0.13}, {'date': 1747612800, 'value': 0.18}, {'date': 1747699200, 'value': 0.34}, {'date': 1747785600, 'value': 0.61}, {'date': 1747872000, 'value': 0.82}, {'date': 1747958400, 'value': 0.83}, {'date': 1748044800, 'value': 0.68}, {'date': 1748131200, 'value': 0.53}, {'date': 1748217600, 'value': 0.36}, {'date': 1748304000, 'value': 0.68}, {'date': 1748390400, 'value': 0.79}, {'date': 1748476800, 'value': 0.95}, {'date': 1748563200, 'value': 1}]",[],2463,152272772,15,2.0,1
67223,kai,"{'id': 'MY', 'value': 'Malaysia', 'label': 'MY'}","{'id': 23000000000, 'value': 'News & Entertainment', 'label': 'label_23000000000'}","[{'date': 1746057600, 'value': 0.31}, {'date': 1746144000, 'value': 0.29}, {'date': 1746230400, 'value': 0.29}, {'date': 1746316800, 'value': 0.27}, {'date': 1746403200, 'value': 0.29}, {'date': 1746489600, 'value': 0.23}, {'date': 1746576000, 'value': 0.22}, {'date': 1746662400, 'value': 0.2}, {'date': 1746748800, 'value': 0.22}, {'date': 1746835200, 'value': 0.22}, {'date': 1746921600, 'value': 0.32}, {'date': 1747008000, 'value': 0.31}, {'date': 1747094400, 'value': 0.31}, {'date': 1747180800, 'value': 0.25}, {'date': 1747267200, 'value': 0.21}, {'date': 1747353600, 'value': 0.25}, {'date': 1747440000, 'value': 0.24}, {'date': 1747526400, 'value': 0.29}, {'date': 1747612800, 'value': 0.39}, {'date': 1747699200, 'value': 0.25}, {'date': 1747785600, 'value': 0.24}, {'date': 1747872000, 'value': 0.24}, {'date': 1747958400, 'value': 0.38}, {'date': 1748044800, 'value': 0.36}, {'date': 1748131200, 'value': 0.67}, {'date': 1748217600, 'value': 1}, {'date': 1748304000, 'value': 0.73}, {'date': 1748390400, 'value': 0.57}, {'date': 1748476800, 'value': 0.52}, {'date': 1748563200, 'value': 0.4}]","[{'nick_name': 'Humbler', 'avatar_url': 'https://p16-sign-va.tiktokcdn.com/tos-maliva-avt-0068/26fc556c1489212e5dfd9ba9932b74d3~tplv-tiktokx-cropcenter:100:100.png?dr=14579&refresh_token=c53e8625&x-expires=1748872800&x-signature=uDyX18Rl7fBTdThpVIU0Dtev0Fw%3D&t=4d5b0474&ps=13740610&shp=a5d48078&shcp=317596d8&idc=sg1'}, {'nick_name': '81 Dadüá∞üá∑(Young D)', 'avatar_url': 'https://p16-sign-sg.tiktokcdn.com/tos-alisg-avt-0068/3d53c1c8e79686f390c7ff73ffc30be5~tplv-tiktokx-cropcenter:100:100.png?dr=14579&refresh_token=67c6beb9&x-expires=1748872800&x-signature=PCcR8PrpP4pbrV5QlMkvB9RAM14%3D&t=4d5b0474&ps=13740610&shp=a5d48078&shcp=317596d8&idc=sg1'}, {'nick_name': 'Mafyacr7', 'avatar_url': 'https://p16-sign-sg.tiktokcdn.com/tos-alisg-avt-0068/6201efd2f8a1eedd72f64904be8b8cce~tplv-tiktokx-cropcenter:100:100.png?dr=14579&refresh_token=840e3ed9&x-expires=1748872800&x-signature=8MTAU1ldnKA73rJzNHTMhw5%2Fsrg%3D&t=4d5b0474&ps=13740610&shp=a5d48078&shcp=317596d8&idc=sg1'}]",2270,32672087,16,1.0,3
1671956256875525,russianknights,"{'id': 'MY', 'value': 'Malaysia', 'label': 'MY'}","{'id': 11000000000, 'value': 'Vehicle & Transportation', 'label': 'label_11000000000'}","[{'date': 1746057600, 'value': 0.03}, {'date': 1746144000, 'value': 0.03}, {'date': 1746230400, 'value': 0.03}, {'date': 1746316800, 'value': 0.02}, {'date': 1746403200, 'value': 0.04}, {'date': 1746489600, 'value': 0.03}, {'date': 1746576000, 'value': 0.03}, {'date': 1746662400, 'value': 0.04}, {'date': 1746748800, 'value': 0.03}, {'date': 1746835200, 'value': 0.05}, {'date': 1746921600, 'value': 0.03}, {'date': 1747008000, 'value': 0.06}, {'date': 1747094400, 'value': 0.04}, {'date': 1747180800, 'value': 0.06}, {'date': 1747267200, 'value': 0.04}, {'date': 1747353600, 'value': 0.03}, {'date': 1747440000, 'value': 0.08}, {'date': 1747526400, 'value': 0.1}, {'date': 1747612800, 'value': 0.11}, {'date': 1747699200, 'value': 0.18}, {'date': 1747785600, 'value': 0.97}, {'date': 1747872000, 'value': 0.9}, {'date': 1747958400, 'value': 0.81}, {'date': 1748044800, 'value': 1}, {'date': 1748131200, 'value': 1}, {'date': 1748217600, 'value': 0.82}, {'date': 1748304000, 'value': 0.57}, {'date': 1748390400, 'value': 0.68}, {'date': 1748476800, 'value': 0.36}, {'date': 1748563200, 'value': 0.28}]",[],2005,17346030,17,1.0,1
1686488583046146,ceobatu,"{'id': 'MY', 'value': 'Malaysia', 'label': 'MY'}","{'id': '', 'value': '', 'label': ''}","[{'date': 1746057600, 'value': 0.03}, {'date': 1746144000, 'value': 0.03}, {'date': 1746230400, 'value': 0.03}, {'date': 1746316800, 'value': 0.03}, {'date': 1746403200, 'value': 0.03}, {'date': 1746489600, 'value': 0.03}, {'date': 1746576000, 'value': 0.03}, {'date': 1746662400, 'value': 0.03}, {'date': 1746748800, 'value': 0.03}, {'date': 1746835200, 'value': 0.03}, {'date': 1746921600, 'value': 0.03}, {'date': 1747008000, 'value': 0.03}, {'date': 1747094400, 'value': 0.03}, {'date': 1747180800, 'value': 0.03}, {'date': 1747267200, 'value': 0.03}, {'date': 1747353600, 'value': 0.03}, {'date': 1747440000, 'value': 0.05}, {'date': 1747526400, 'value': 0.03}, {'date': 1747612800, 'value': 0.03}, {'date': 1747699200, 'value': 0.03}, {'date': 1747785600, 'value': 0.03}, {'date': 1747872000, 'value': 0.03}, {'date': 1747958400, 'value': 0.05}, {'date': 1748044800, 'value': 1}, {'date': 1748131200, 'value': 0.93}, {'date': 1748217600, 'value': 0.83}, {'date': 1748304000, 'value': 0.71}, {'date': 1748390400, 'value': 0.56}, {'date': 1748476800, 'value': 0.46}, {'date': 1748563200, 'value': 0.38}]",[],879,83119522,18,4.0,1
7300825514175004674,mssm2025,"{'id': 'MY', 'value': 'Malaysia', 'label': 'MY'}","{'id': 28000000000, 'value': 'Sports & Outdoor', 'label': 'label_28000000000'}","[{'date': 1746057600, 'value': 0.1}, {'date': 1746144000, 'value': 0.14}, {'date': 1746230400, 'value': 0.12}, {'date': 1746316800, 'value': 0.11}, {'date': 1746403200, 'value': 0.08}, {'date': 1746489600, 'value': 0.11}, {'date': 1746576000, 'value': 0.13}, {'date': 1746662400, 'value': 0.13}, {'date': 1746748800, 'value': 0.18}, {'date': 1746835200, 'value': 0.23}, {'date': 1746921600, 'value': 0.54}, {'date': 1747008000, 'value': 0.48}, {'date': 1747094400, 'value': 0.51}, {'date': 1747180800, 'value': 0.25}, {'date': 1747267200, 'value': 0.19}, {'date': 1747353600, 'value': 0.23}, {'date': 1747440000, 'value': 0.24}, {'date': 1747526400, 'value': 0.22}, {'date': 1747612800, 'value': 0.2}, {'date': 1747699200, 'value': 0.11}, {'date': 1747785600, 'value': 0.18}, {'date': 1747872000, 'value': 0.25}, {'date': 1747958400, 'value': 0.36}, {'date': 1748044800, 'value': 0.6}, {'date': 1748131200, 'value': 0.46}, {'date': 1748217600, 'value': 0.51}, {'date': 1748304000, 'value': 0.57}, {'date': 1748390400, 'value': 0.63}, {'date': 1748476800, 'value': 0.85}, {'date': 1748563200, 'value': 1}]",[],1588,16856965,19,5.0,1
1703631199892490,ejenalimovie2,"{'id': 'MY', 'value': 'Malaysia', 'label': 'MY'}","{'id': 25000000000, 'value': 'Games', 'label': 'label_25000000000'}","[{'date': 1746057600, 'value': 0.1}, {'date': 1746144000, 'value': 0.21}, {'date': 1746230400, 'value': 0.26}, {'date': 1746316800, 'value': 0.17}, {'date': 1746403200, 'value': 0.16}, {'date': 1746489600, 'value': 0.13}, {'date': 1746576000, 'value': 0.11}, {'date': 1746662400, 'value': 0.07}, {'date': 1746748800, 'value': 0.07}, {'date': 1746835200, 'value': 0.09}, {'date': 1746921600, 'value': 0.12}, {'date': 1747008000, 'value': 0.14}, {'date': 1747094400, 'value': 0.13}, {'date': 1747180800, 'value': 0.1}, {'date': 1747267200, 'value': 0.11}, {'date': 1747353600, 'value': 0.1}, {'date': 1747440000, 'value': 0.11}, {'date': 1747526400, 'value': 0.13}, {'date': 1747612800, 'value': 0.31}, {'date': 1747699200, 'value': 0.28}, {'date': 1747785600, 'value': 0.34}, {'date': 1747872000, 'value': 0.53}, {'date': 1747958400, 'value': 0.6}, {'date': 1748044800, 'value': 0.64}, {'date': 1748131200, 'value': 0.85}, {'date': 1748217600, 'value': 1}, {'date': 1748304000, 'value': 0.78}, {'date': 1748390400, 'value': 0.66}, {'date': 1748476800, 'value': 0.66}, {'date': 1748563200, 'value': 0.91}]",[],1192,24911995,20,3.0,1
1701333069940741,liverewards,"{'id': 'MY', 'value': 'Malaysia', 'label': 'MY'}","{'id': '', 'value': '', 'label': ''}","[{'date': 1746057600, 'value': 0.03}, {'date': 1746144000, 'value': 0.02}, {'date': 1746230400, 'value': 0.02}, {'date': 1746316800, 'value': 0.03}, {'date': 1746403200, 'value': 0.03}, {'date': 1746489600, 'value': 0.02}, {'date': 1746576000, 'value': 0.02}, {'date': 1746662400, 'value': 0.02}, {'date': 1746748800, 'value': 0.03}, {'date': 1746835200, 'value': 0.03}, {'date': 1746921600, 'value': 0.03}, {'date': 1747008000, 'value': 0.06}, {'date': 1747094400, 'value': 0.04}, {'date': 1747180800, 'value': 0.04}, {'date': 1747267200, 'value': 0.03}, {'date': 1747353600, 'value': 0.03}, {'date': 1747440000, 'value': 0.05}, {'date': 1747526400, 'value': 0.03}, {'date': 1747612800, 'value': 0.03}, {'date': 1747699200, 'value': 0.03}, {'date': 1747785600, 'value': 0.03}, {'date': 1747872000, 'value': 0.03}, {'date': 1747958400, 'value': 0.12}, {'date': 1748044800, 'value': 0.14}, {'date': 1748131200, 'value': 0.14}, {'date': 1748217600, 'value': 0.11}, {'date': 1748304000, 'value': 0.14}, {'date': 1748390400, 'value': 0.13}, {'date': 1748476800, 'value': 0.7}, {'date': 1748563200, 'value': 1}]","[{'nick_name': 'ff_dalary üíó‚ú®', 'avatar_url': 'https://p16-sign-sg.tiktokcdn.com/tos-alisg-avt-0068/7b1736eca902948f536bbd92966c8edb~tplv-tiktokx-cropcenter:100:100.png?dr=14579&refresh_token=6f2588a5&x-expires=1748872800&x-signature=9VDwbFULVIH7gjUmVjRCNuc6LG8%3D&t=4d5b0474&ps=13740610&shp=a5d48078&shcp=317596d8&idc=sg1'}]",1973,7732677,21,43.0,1
1650101407035394,zulhijjah,"{'id': 'MY', 'value': 'Malaysia', 'label': 'MY'}","{'id': '', 'value': '', 'label': ''}","[{'date': 1746057600, 'value': 0.03}, {'date': 1746144000, 'value': 0.01}, {'date': 1746230400, 'value': 0.02}, {'date': 1746316800, 'value': 0.02}, {'date': 1746403200, 'value': 0.01}, {'date': 1746489600, 'value': 0.01}, {'date': 1746576000, 'value': 0.03}, {'date': 1746662400, 'value': 0.02}, {'date': 1746748800, 'value': 0.03}, {'date': 1746835200, 'value': 0.03}, {'date': 1746921600, 'value': 0.02}, {'date': 1747008000, 'value': 0.05}, {'date': 1747094400, 'value': 0.03}, {'date': 1747180800, 'value': 0.02}, {'date': 1747267200, 'value': 0.04}, {'date': 1747353600, 'value': 0.03}, {'date': 1747440000, 'value': 0.03}, {'date': 1747526400, 'value': 0.05}, {'date': 1747612800, 'value': 0.04}, {'date': 1747699200, 'value': 0.05}, {'date': 1747785600, 'value': 0.05}, {'date': 1747872000, 'value': 0.05}, {'date': 1747958400, 'value': 0.06}, {'date': 1748044800, 'value': 0.07}, {'date': 1748131200, 'value': 0.06}, {'date': 1748217600, 'value': 0.09}, {'date': 1748304000, 'value': 0.22}, {'date': 1748390400, 'value': 0.6}, {'date': 1748476800, 'value': 1}, {'date': 1748563200, 'value': 0.82}]",[],1870,7907252,22,17.0,1
16010,iris,"{'id': 'MY', 'value': 'Malaysia', 'label': 'MY'}","{'id': '', 'value': '', 'label': ''}","[{'date': 1746057600, 'value': 0.09}, {'date': 1746144000, 'value': 0.13}, {'date': 1746230400, 'value': 0.12}, {'date': 1746316800, 'value': 0.13}, {'date': 1746403200, 'value': 0.11}, {'date': 1746489600, 'value': 0.14}, {'date': 1746576000, 'value': 0.13}, {'date': 1746662400, 'value': 0.12}, {'date': 1746748800, 'value': 0.13}, {'date': 1746835200, 'value': 0.11}, {'date': 1746921600, 'value': 0.13}, {'date': 1747008000, 'value': 0.14}, {'date': 1747094400, 'value': 0.13}, {'date': 1747180800, 'value': 0.14}, {'date': 1747267200, 'value': 0.09}, {'date': 1747353600, 'value': 0.13}, {'date': 1747440000, 'value': 0.15}, {'date': 1747526400, 'value': 0.16}, {'date': 1747612800, 'value': 0.16}, {'date': 1747699200, 'value': 0.16}, {'date': 1747785600, 'value': 0.18}, {'date': 1747872000, 'value': 0.22}, {'date': 1747958400, 'value': 0.24}, {'date': 1748044800, 'value': 0.44}, {'date': 1748131200, 'value': 1}, {'date': 1748217600, 'value': 0.63}, {'date': 1748304000, 'value': 0.41}, {'date': 1748390400, 'value': 0.29}, {'date': 1748476800, 'value': 0.35}, {'date': 1748563200, 'value': 0.38}]","[{'nick_name': '·¥Ä·¥õ ü·¥Äs', 'avatar_url': 'https://p16-sign-va.tiktokcdn.com/tos-maliva-avt-0068/d10646a9fc08b072181aa3855eab9d04~tplv-tiktokx-cropcenter:100:100.png?dr=14579&refresh_token=2abbb811&x-expires=1748872800&x-signature=3NRAk%2FxA41PfIBDb13VCwrcxsbs%3D&t=4d5b0474&ps=13740610&shp=a5d48078&shcp=317596d8&idc=sg1'}, {'nick_name': 'ü™¶S„ÅÇ∆ôœÖ…æa-ÔæëÔΩ∑ÔΩ∞!!ü•©', 'avatar_url': 'https://p16-sign-sg.tiktokcdn.com/tos-alisg-avt-0068/6b9918d57f6d6f66b0b94c37789f86d0~tplv-tiktokx-cropcenter:100:100.png?dr=14579&refresh_token=6a07d441&x-expires=1748872800&x-signature=hgyzdnLhD0vFGAGCYwcsH8i0%2BYs%3D&t=4d5b0474&ps=13740610&shp=a5d48078&shcp=317596d8&idc=sg1'}]",869,16786778,23,3.0,1
7085502209672101934,aimermaid,"{'id': 'MY', 'value': 'Malaysia', 'label': 'MY'}","{'id': '', 'value': '', 'label': ''}","[{'date': 1746057600, 'value': 0}, {'date': 1746144000, 'value': 0}, {'date': 1746230400, 'value': 0}, {'date': 1746316800, 'value': 0}, {'date': 1746403200, 'value': 0}, {'date': 1746489600, 'value': 0}, {'date': 1746576000, 'value': 0}, {'date': 1746662400, 'value': 0}, {'date': 1746748800, 'value': 0}, {'date': 1746835200, 'value': 0}, {'date': 1746921600, 'value': 0}, {'date': 1747008000, 'value': 0}, {'date': 1747094400, 'value': 0}, {'date': 1747180800, 'value': 0}, {'date': 1747267200, 'value': 0}, {'date': 1747353600, 'value': 0}, {'date': 1747440000, 'value': 0}, {'date': 1747526400, 'value': 0}, {'date': 1747612800, 'value': 0}, {'date': 1747699200, 'value': 0}, {'date': 1747785600, 'value': 0}, {'date': 1747872000, 'value': 0.11}, {'date': 1747958400, 'value': 0.34}, {'date': 1748044800, 'value': 0.46}, {'date': 1748131200, 'value': 0.56}, {'date': 1748217600, 'value': 0.83}, {'date': 1748304000, 'value': 0.84}, {'date': 1748390400, 'value': 0.92}, {'date': 1748476800, 'value': 0.93}, {'date': 1748563200, 'value': 1}]",[],1406,9003621,24,11.0,1
7260386919656849410,infinixgt30pro,"{'id': 'MY', 'value': 'Malaysia', 'label': 'MY'}","{'id': 25000000000, 'value': 'Games', 'label': 'label_25000000000'}","[{'date': 1746057600, 'value': 0.03}, {'date': 1746144000, 'value': 0.03}, {'date': 1746230400, 'value': 0.03}, {'date': 1746316800, 'value': 0.03}, {'date': 1746403200, 'value': 0.03}, {'date': 1746489600, 'value': 0.03}, {'date': 1746576000, 'value': 0.02}, {'date': 1746662400, 'value': 0.02}, {'date': 1746748800, 'value': 0.02}, {'date': 1746835200, 'value': 0.03}, {'date': 1746921600, 'value': 0.03}, {'date': 1747008000, 'value': 0.04}, {'date': 1747094400, 'value': 0.05}, {'date': 1747180800, 'value': 0.05}, {'date': 1747267200, 'value': 0.33}, {'date': 1747353600, 'value': 0.15}, {'date': 1747440000, 'value': 0.27}, {'date': 1747526400, 'value': 0.29}, {'date': 1747612800, 'value': 0.21}, {'date': 1747699200, 'value': 0.31}, {'date': 1747785600, 'value': 0.41}, {'date': 1747872000, 'value': 1}, {'date': 1747958400, 'value': 0.85}, {'date': 1748044800, 'value': 0.7}, {'date': 1748131200, 'value': 0.69}, {'date': 1748217600, 'value': 0.58}, {'date': 1748304000, 'value': 0.91}, {'date': 1748390400, 'value': 0.82}, {'date': 1748476800, 'value': 0.8}, {'date': 1748563200, 'value': 0.87}]",[],1012,128984035,25,,4
13641515,avanza,"{'id': 'MY', 'value': 'Malaysia', 'label': 'MY'}","{'id': 11000000000, 'value': 'Vehicle & Transportation', 'label': 'label_11000000000'}","[{'date': 1746057600, 'value': 0.1}, {'date': 1746144000, 'value': 0.1}, {'date': 1746230400, 'value': 0.13}, {'date': 1746316800, 'value': 0.13}, {'date': 1746403200, 'value': 0.12}, {'date': 1746489600, 'value': 0.07}, {'date': 1746576000, 'value': 0.14}, {'date': 1746662400, 'value': 0.08}, {'date': 1746748800, 'value': 0.11}, {'date': 1746835200, 'value': 0.13}, {'date': 1746921600, 'value': 0.11}, {'date': 1747008000, 'value': 0.09}, {'date': 1747094400, 'value': 0.11}, {'date': 1747180800, 'value': 0.13}, {'date': 1747267200, 'value': 0.11}, {'date': 1747353600, 'value': 0.15}, {'date': 1747440000, 'value': 0.14}, {'date': 1747526400, 'value': 0.16}, {'date': 1747612800, 'value': 0.11}, {'date': 1747699200, 'value': 0.14}, {'date': 1747785600, 'value': 0.14}, {'date': 1747872000, 'value': 0.16}, {'date': 1747958400, 'value': 0.14}, {'date': 1748044800, 'value': 0.25}, {'date': 1748131200, 'value': 0.27}, {'date': 1748217600, 'value': 0.49}, {'date': 1748304000, 'value': 0.77}, {'date': 1748390400, 'value': 0.97}, {'date': 1748476800, 'value': 1}, {'date': 1748563200, 'value': 0.91}]",[],1204,15117994,26,7.0,1
10204593,25,"{'id': 'MY', 'value': 'Malaysia', 'label': 'MY'}","{'id': '', 'value': '', 'label': ''}","[{'date': 1746057600, 'value': 0.23}, {'date': 1746144000, 'value': 0.21}, {'date': 1746230400, 'value': 0.18}, {'date': 1746316800, 'value': 0.16}, {'date': 1746403200, 'value': 0.23}, {'date': 1746489600, 'value': 0.22}, {'date': 1746576000, 'value': 0.23}, {'date': 1746662400, 'value': 0.29}, {'date': 1746748800, 'value': 0.29}, {'date': 1746835200, 'value': 0.31}, {'date': 1746921600, 'value': 0.24}, {'date': 1747008000, 'value': 0.24}, {'date': 1747094400, 'value': 0.27}, {'date': 1747180800, 'value': 0.27}, {'date': 1747267200, 'value': 0.28}, {'date': 1747353600, 'value': 0.25}, {'date': 1747440000, 'value': 0.23}, {'date': 1747526400, 'value': 0.24}, {'date': 1747612800, 'value': 0.15}, {'date': 1747699200, 'value': 0.27}, {'date': 1747785600, 'value': 0.21}, {'date': 1747872000, 'value': 0.21}, {'date': 1747958400, 'value': 0.22}, {'date': 1748044800, 'value': 0.29}, {'date': 1748131200, 'value': 0.41}, {'date': 1748217600, 'value': 1}, {'date': 1748304000, 'value': 0.61}, {'date': 1748390400, 'value': 0.45}, {'date': 1748476800, 'value': 0.35}, {'date': 1748563200, 'value': 0.34}]","[{'nick_name': '17', 'avatar_url': 'https://p16-sign-sg.tiktokcdn.com/tos-alisg-avt-0068/5eefdcd45b4d69bfc7d3ce6e0b21e099~tplv-tiktokx-cropcenter:100:100.png?dr=14579&refresh_token=b9ebbbe2&x-expires=1748872800&x-signature=Mg%2FV6pHWVX5BzlUV0NpCeenNdOE%3D&t=4d5b0474&ps=13740610&shp=a5d48078&shcp=317596d8&idc=sg1'}]",1660,5411427,27,2.0,1
81659129,torukmakto,"{'id': 'MY', 'value': 'Malaysia', 'label': 'MY'}","{'id': 23000000000, 'value': 'News & Entertainment', 'label': 'label_23000000000'}","[{'date': 1746057600, 'value': 0.04}, {'date': 1746144000, 'value': 0.04}, {'date': 1746230400, 'value': 0.03}, {'date': 1746316800, 'value': 0.03}, {'date': 1746403200, 'value': 0.03}, {'date': 1746489600, 'value': 0.04}, {'date': 1746576000, 'value': 0.03}, {'date': 1746662400, 'value': 0.04}, {'date': 1746748800, 'value': 0.03}, {'date': 1746835200, 'value': 0.05}, {'date': 1746921600, 'value': 0.04}, {'date': 1747008000, 'value': 0.04}, {'date': 1747094400, 'value': 0.03}, {'date': 1747180800, 'value': 0.19}, {'date': 1747267200, 'value': 0.52}, {'date': 1747353600, 'value': 0.48}, {'date': 1747440000, 'value': 0.49}, {'date': 1747526400, 'value': 0.51}, {'date': 1747612800, 'value': 0.5}, {'date': 1747699200, 'value': 0.4}, {'date': 1747785600, 'value': 0.86}, {'date': 1747872000, 'value': 0.88}, {'date': 1747958400, 'value': 0.85}, {'date': 1748044800, 'value': 0.86}, {'date': 1748131200, 'value': 1}, {'date': 1748217600, 'value': 0.92}, {'date': 1748304000, 'value': 0.61}, {'date': 1748390400, 'value': 0.47}, {'date': 1748476800, 'value': 0.39}, {'date': 1748563200, 'value': 0.31}]",[],1456,11180996,28,2.0,1
9369226,kdca,"{'id': 'MY', 'value': 'Malaysia', 'label': 'MY'}","{'id': '', 'value': '', 'label': ''}","[{'date': 1746057600, 'value': 0.2}, {'date': 1746144000, 'value': 0.23}, {'date': 1746230400, 'value': 0.18}, {'date': 1746316800, 'value': 0.23}, {'date': 1746403200, 'value': 0.24}, {'date': 1746489600, 'value': 0.3}, {'date': 1746576000, 'value': 0.25}, {'date': 1746662400, 'value': 0.23}, {'date': 1746748800, 'value': 0.18}, {'date': 1746835200, 'value': 0.23}, {'date': 1746921600, 'value': 0.28}, {'date': 1747008000, 'value': 0.27}, {'date': 1747094400, 'value': 0.27}, {'date': 1747180800, 'value': 0.25}, {'date': 1747267200, 'value': 0.26}, {'date': 1747353600, 'value': 0.33}, {'date': 1747440000, 'value': 0.33}, {'date': 1747526400, 'value': 0.47}, {'date': 1747612800, 'value': 0.47}, {'date': 1747699200, 'value': 0.42}, {'date': 1747785600, 'value': 0.45}, {'date': 1747872000, 'value': 0.37}, {'date': 1747958400, 'value': 0.38}, {'date': 1748044800, 'value': 0.43}, {'date': 1748131200, 'value': 0.54}, {'date': 1748217600, 'value': 0.53}, {'date': 1748304000, 'value': 0.58}, {'date': 1748390400, 'value': 0.58}, {'date': 1748476800, 'value': 0.75}, {'date': 1748563200, 'value': 1}]",[],1311,14861634,29,,4
1612346607583233,kasihkekasih,"{'id': 'MY', 'value': 'Malaysia', 'label': 'MY'}","{'id': '', 'value': '', 'label': ''}","[{'date': 1746057600, 'value': 0.03}, {'date': 1746144000, 'value': 0.03}, {'date': 1746230400, 'value': 0.03}, {'date': 1746316800, 'value': 0.03}, {'date': 1746403200, 'value': 0.03}, {'date': 1746489600, 'value': 0.04}, {'date': 1746576000, 'value': 0.04}, {'date': 1746662400, 'value': 0.04}, {'date': 1746748800, 'value': 0.03}, {'date': 1746835200, 'value': 0.03}, {'date': 1746921600, 'value': 0.05}, {'date': 1747008000, 'value': 0.03}, {'date': 1747094400, 'value': 0.03}, {'date': 1747180800, 'value': 0.03}, {'date': 1747267200, 'value': 0.05}, {'date': 1747353600, 'value': 0.04}, {'date': 1747440000, 'value': 0.04}, {'date': 1747526400, 'value': 0.08}, {'date': 1747612800, 'value': 0.04}, {'date': 1747699200, 'value': 0.04}, {'date': 1747785600, 'value': 0.07}, {'date': 1747872000, 'value': 0.25}, {'date': 1747958400, 'value': 0.81}, {'date': 1748044800, 'value': 0.72}, {'date': 1748131200, 'value': 0.62}, {'date': 1748217600, 'value': 0.75}, {'date': 1748304000, 'value': 0.81}, {'date': 1748390400, 'value': 1}, {'date': 1748476800, 'value': 1}, {'date': 1748563200, 'value': 0.9}]",[],1031,18290745,30,7.0,1
8287,liloandstitch,"{'id': 'MY', 'value': 'Malaysia', 'label': 'MY'}","{'id': 25000000000, 'value': 'Games', 'label': 'label_25000000000'}","[{'date': 1746057600, 'value': 0.12}, {'date': 1746144000, 'value': 0.09}, {'date': 1746230400, 'value': 0.06}, {'date': 1746316800, 'value': 0.16}, {'date': 1746403200, 'value': 0.15}, {'date': 1746489600, 'value': 0.16}, {'date': 1746576000, 'value': 0.16}, {'date': 1746662400, 'value': 0.33}, {'date': 1746748800, 'value': 0.14}, {'date': 1746835200, 'value': 0.21}, {'date': 1746921600, 'value': 0.16}, {'date': 1747008000, 'value': 0.19}, {'date': 1747094400, 'value': 0.18}, {'date': 1747180800, 'value': 0.28}, {'date': 1747267200, 'value': 0.27}, {'date': 1747353600, 'value': 0.32}, {'date': 1747440000, 'value': 0.39}, {'date': 1747526400, 'value': 0.45}, {'date': 1747612800, 'value': 0.45}, {'date': 1747699200, 'value': 0.51}, {'date': 1747785600, 'value': 0.52}, {'date': 1747872000, 'value': 0.63}, {'date': 1747958400, 'value': 0.75}, {'date': 1748044800, 'value': 0.86}, {'date': 1748131200, 'value': 0.94}, {'date': 1748217600, 'value': 0.98}, {'date': 1748304000, 'value': 0.95}, {'date': 1748390400, 'value': 0.94}, {'date': 1748476800, 'value': 1}, {'date': 1748563200, 'value': 0.9}]","[{'nick_name': 'Julia Lawrenz', 'avatar_url': 'https://p16-sign-va.tiktokcdn.com/tos-maliva-avt-0068/52c3c7a20d6013d769bd1e8037470f05~tplv-tiktokx-cropcenter:100:100.png?dr=14579&refresh_token=34444d66&x-expires=1748872800&x-signature=0czh1mZsWecjT81pI8Rgk%2B24ksA%3D&t=4d5b0474&ps=13740610&shp=a5d48078&shcp=317596d8&idc=sg1'}, {'nick_name': 'mellancolica', 'avatar_url': 'https://p16-sign-va.tiktokcdn.com/tos-maliva-avt-0068/9ba4692b5b19efc12d79261e3811c85c~tplv-tiktokx-cropcenter:100:100.png?dr=14579&refresh_token=80c3d290&x-expires=1748872800&x-signature=GuQzDXko72LEQocHL7ivk%2Bip2Os%3D&t=4d5b0474&ps=13740610&shp=a5d48078&shcp=317596d8&idc=sg1'}]",891,31115511,31,1.0,1
7018568951395254299,infinixmalaysia,"{'id': 'MY', 'value': 'Malaysia', 'label': 'MY'}","{'id': 15000000000, 'value': 'Tech & Electronics', 'label': 'label_15000000000'}","[{'date': 1746057600, 'value': 0.25}, {'date': 1746144000, 'value': 0.26}, {'date': 1746230400, 'value': 0.36}, {'date': 1746316800, 'value': 0.33}, {'date': 1746403200, 'value': 0.31}, {'date': 1746489600, 'value': 0.27}, {'date': 1746576000, 'value': 0.18}, {'date': 1746662400, 'value': 0.23}, {'date': 1746748800, 'value': 0.15}, {'date': 1746835200, 'value': 0.24}, {'date': 1746921600, 'value': 0.19}, {'date': 1747008000, 'value': 0.31}, {'date': 1747094400, 'value': 0.26}, {'date': 1747180800, 'value': 0.14}, {'date': 1747267200, 'value': 0.36}, {'date': 1747353600, 'value': 0.24}, {'date': 1747440000, 'value': 0.31}, {'date': 1747526400, 'value': 0.38}, {'date': 1747612800, 'value': 0.31}, {'date': 1747699200, 'value': 0.38}, {'date': 1747785600, 'value': 0.42}, {'date': 1747872000, 'value': 0.84}, {'date': 1747958400, 'value': 0.62}, {'date': 1748044800, 'value': 0.59}, {'date': 1748131200, 'value': 0.59}, {'date': 1748217600, 'value': 0.43}, {'date': 1748304000, 'value': 0.89}, {'date': 1748390400, 'value': 0.83}, {'date': 1748476800, 'value': 0.84}, {'date': 1748563200, 'value': 1}]",[],989,144876585,32,6.0,1
1703909702650882,ejenalimusim3,"{'id': 'MY', 'value': 'Malaysia', 'label': 'MY'}","{'id': 25000000000, 'value': 'Games', 'label': 'label_25000000000'}","[{'date': 1746057600, 'value': 0.11}, {'date': 1746144000, 'value': 0.14}, {'date': 1746230400, 'value': 0.19}, {'date': 1746316800, 'value': 0.21}, {'date': 1746403200, 'value': 0.19}, {'date': 1746489600, 'value': 0.15}, {'date': 1746576000, 'value': 0.14}, {'date': 1746662400, 'value': 0.16}, {'date': 1746748800, 'value': 0.11}, {'date': 1746835200, 'value': 0.11}, {'date': 1746921600, 'value': 0.16}, {'date': 1747008000, 'value': 0.16}, {'date': 1747094400, 'value': 0.23}, {'date': 1747180800, 'value': 0.13}, {'date': 1747267200, 'value': 0.13}, {'date': 1747353600, 'value': 0.17}, {'date': 1747440000, 'value': 0.12}, {'date': 1747526400, 'value': 0.2}, {'date': 1747612800, 'value': 0.3}, {'date': 1747699200, 'value': 0.25}, {'date': 1747785600, 'value': 0.27}, {'date': 1747872000, 'value': 0.42}, {'date': 1747958400, 'value': 0.41}, {'date': 1748044800, 'value': 0.5}, {'date': 1748131200, 'value': 0.73}, {'date': 1748217600, 'value': 0.79}, {'date': 1748304000, 'value': 0.73}, {'date': 1748390400, 'value': 0.63}, {'date': 1748476800, 'value': 0.71}, {'date': 1748563200, 'value': 1}]",[],673,39992951,33,8.0,1
1635659354104838,aifilter,"{'id': 'MY', 'value': 'Malaysia', 'label': 'MY'}","{'id': '', 'value': '', 'label': ''}","[{'date': 1746057600, 'value': 0.48}, {'date': 1746144000, 'value': 0.47}, {'date': 1746230400, 'value': 0.34}, {'date': 1746316800, 'value': 0.4}, {'date': 1746403200, 'value': 0.55}, {'date': 1746489600, 'value': 0.45}, {'date': 1746576000, 'value': 0.47}, {'date': 1746662400, 'value': 0.51}, {'date': 1746748800, 'value': 0.47}, {'date': 1746835200, 'value': 0.41}, {'date': 1746921600, 'value': 0.4}, {'date': 1747008000, 'value': 0.44}, {'date': 1747094400, 'value': 0.54}, {'date': 1747180800, 'value': 0.49}, {'date': 1747267200, 'value': 0.34}, {'date': 1747353600, 'value': 0.43}, {'date': 1747440000, 'value': 0.54}, {'date': 1747526400, 'value': 0.61}, {'date': 1747612800, 'value': 0.7}, {'date': 1747699200, 'value': 0.66}, {'date': 1747785600, 'value': 0.61}, {'date': 1747872000, 'value': 0.65}, {'date': 1747958400, 'value': 0.81}, {'date': 1748044800, 'value': 0.79}, {'date': 1748131200, 'value': 0.8}, {'date': 1748217600, 'value': 0.94}, {'date': 1748304000, 'value': 1}, {'date': 1748390400, 'value': 0.89}, {'date': 1748476800, 'value': 0.96}, {'date': 1748563200, 'value': 0.91}]","[{'nick_name': 'Jeru Tuzaki', 'avatar_url': 'https://p77-sign-va.tiktokcdn.com/tos-maliva-avt-0068/a5252b2280e356ca2efa6803c47f6b6e~tplv-tiktokx-cropcenter:100:100.png?dr=14579&refresh_token=fe1a0058&x-expires=1748872800&x-signature=HKI8KtWC%2F%2FENxGC7G73HO57DKU8%3D&t=4d5b0474&ps=13740610&shp=a5d48078&shcp=317596d8&idc=sg1'}, {'nick_name': 'Daia Ajalaü¶ã', 'avatar_url': 'https://p16-sign-va.tiktokcdn.com/tos-maliva-avt-0068/1456f1758a4c6b334abf12f8e2acdffb~tplv-tiktokx-cropcenter:100:100.png?dr=14579&refresh_token=0e190c75&x-expires=1748872800&x-signature=JC4KrAtk2RoNDgudzGCJJ0qzaXk%3D&t=4d5b0474&ps=13740610&shp=a5d48078&shcp=317596d8&idc=sg1'}, {'nick_name': 'SAPNA WAFAüå∫üíç', 'avatar_url': 'https://p16-sign-sg.tiktokcdn.com/tos-alisg-avt-0068/bc3f9803213ec98e2a84d2333fb5321c~tplv-tiktokx-cropcenter:100:100.png?dr=14579&refresh_token=25793337&x-expires=1748872800&x-signature=O%2BFXA10PKKxgxQ8QWkFwiZce1iY%3D&t=4d5b0474&ps=13740610&shp=a5d48078&shcp=317596d8&idc=sg1'}]",868,18380785,34,0.0,2
1622959597149190,keluangman,"{'id': 'MY', 'value': 'Malaysia', 'label': 'MY'}","{'id': 25000000000, 'value': 'Games', 'label': 'label_25000000000'}","[{'date': 1746057600, 'value': 0.24}, {'date': 1746144000, 'value': 0.23}, {'date': 1746230400, 'value': 0.2}, {'date': 1746316800, 'value': 0.21}, {'date': 1746403200, 'value': 0.17}, {'date': 1746489600, 'value': 0.18}, {'date': 1746576000, 'value': 0.18}, {'date': 1746662400, 'value': 0.2}, {'date': 1746748800, 'value': 0.28}, {'date': 1746835200, 'value': 0.24}, {'date': 1746921600, 'value': 0.23}, {'date': 1747008000, 'value': 0.26}, {'date': 1747094400, 'value': 0.22}, {'date': 1747180800, 'value': 0.21}, {'date': 1747267200, 'value': 0.15}, {'date': 1747353600, 'value': 0.22}, {'date': 1747440000, 'value': 0.26}, {'date': 1747526400, 'value': 0.37}, {'date': 1747612800, 'value': 0.61}, {'date': 1747699200, 'value': 0.42}, {'date': 1747785600, 'value': 0.33}, {'date': 1747872000, 'value': 0.36}, {'date': 1747958400, 'value': 0.49}, {'date': 1748044800, 'value': 0.76}, {'date': 1748131200, 'value': 0.6}, {'date': 1748217600, 'value': 0.42}, {'date': 1748304000, 'value': 0.5}, {'date': 1748390400, 'value': 0.53}, {'date': 1748476800, 'value': 0.81}, {'date': 1748563200, 'value': 1}]",[],1065,20907740,35,7.0,1
7325714581911764993,tawaranharigaji,"{'id': 'MY', 'value': 'Malaysia', 'label': 'MY'}","{'id': 22000000000, 'value': 'Apparel & Accessories', 'label': 'label_22000000000'}","[{'date': 1746057600, 'value': 0.43}, {'date': 1746144000, 'value': 0.35}, {'date': 1746230400, 'value': 0.4}, {'date': 1746316800, 'value': 0.3}, {'date': 1746403200, 'value': 0.3}, {'date': 1746489600, 'value': 0.38}, {'date': 1746576000, 'value': 0.34}, {'date': 1746662400, 'value': 0.3}, {'date': 1746748800, 'value': 0.3}, {'date': 1746835200, 'value': 0.35}, {'date': 1746921600, 'value': 0.35}, {'date': 1747008000, 'value': 0.29}, {'date': 1747094400, 'value': 0.32}, {'date': 1747180800, 'value': 0.31}, {'date': 1747267200, 'value': 0.35}, {'date': 1747353600, 'value': 0.37}, {'date': 1747440000, 'value': 0.35}, {'date': 1747526400, 'value': 0.35}, {'date': 1747612800, 'value': 0.35}, {'date': 1747699200, 'value': 0.36}, {'date': 1747785600, 'value': 0.36}, {'date': 1747872000, 'value': 0.38}, {'date': 1747958400, 'value': 0.38}, {'date': 1748044800, 'value': 0.53}, {'date': 1748131200, 'value': 0.84}, {'date': 1748217600, 'value': 1}, {'date': 1748304000, 'value': 0.96}, {'date': 1748390400, 'value': 0.49}, {'date': 1748476800, 'value': 0.46}, {'date': 1748563200, 'value': 0.47}]",[],2570,14410134,36,0.0,2
1707431078033418,truckfighter,"{'id': 'MY', 'value': 'Malaysia', 'label': 'MY'}","{'id': 11000000000, 'value': 'Vehicle & Transportation', 'label': 'label_11000000000'}","[{'date': 1746057600, 'value': 0.08}, {'date': 1746144000, 'value': 0.09}, {'date': 1746230400, 'value': 0.06}, {'date': 1746316800, 'value': 0.08}, {'date': 1746403200, 'value': 0.05}, {'date': 1746489600, 'value': 0.08}, {'date': 1746576000, 'value': 0.11}, {'date': 1746662400, 'value': 0.09}, {'date': 1746748800, 'value': 0.1}, {'date': 1746835200, 'value': 0.1}, {'date': 1746921600, 'value': 0.16}, {'date': 1747008000, 'value': 0.16}, {'date': 1747094400, 'value': 0.14}, {'date': 1747180800, 'value': 0.1}, {'date': 1747267200, 'value': 0.12}, {'date': 1747353600, 'value': 0.12}, {'date': 1747440000, 'value': 0.14}, {'date': 1747526400, 'value': 0.11}, {'date': 1747612800, 'value': 0.14}, {'date': 1747699200, 'value': 0.16}, {'date': 1747785600, 'value': 0.19}, {'date': 1747872000, 'value': 0.17}, {'date': 1747958400, 'value': 0.21}, {'date': 1748044800, 'value': 0.26}, {'date': 1748131200, 'value': 0.53}, {'date': 1748217600, 'value': 1}, {'date': 1748304000, 'value': 0.86}, {'date': 1748390400, 'value': 0.57}, {'date': 1748476800, 'value': 0.4}, {'date': 1748563200, 'value': 0.25}]",[],1308,7869189,37,3.0,1
7380330651997700112,klibf2025,"{'id': 'MY', 'value': 'Malaysia', 'label': 'MY'}","{'id': 10000000000, 'value': 'Education', 'label': 'label_10000000000'}","[{'date': 1746057600, 'value': 0.37}, {'date': 1746144000, 'value': 0.28}, {'date': 1746230400, 'value': 0.27}, {'date': 1746316800, 'value': 0.32}, {'date': 1746403200, 'value': 0.28}, {'date': 1746489600, 'value': 0.39}, {'date': 1746576000, 'value': 0.46}, {'date': 1746662400, 'value': 0.45}, {'date': 1746748800, 'value': 0.36}, {'date': 1746835200, 'value': 0.38}, {'date': 1746921600, 'value': 0.33}, {'date': 1747008000, 'value': 0.32}, {'date': 1747094400, 'value': 0.39}, {'date': 1747180800, 'value': 0.46}, {'date': 1747267200, 'value': 0.41}, {'date': 1747353600, 'value': 0.44}, {'date': 1747440000, 'value': 0.59}, {'date': 1747526400, 'value': 0.45}, {'date': 1747612800, 'value': 0.5}, {'date': 1747699200, 'value': 0.57}, {'date': 1747785600, 'value': 0.5}, {'date': 1747872000, 'value': 0.67}, {'date': 1747958400, 'value': 0.74}, {'date': 1748044800, 'value': 1}, {'date': 1748131200, 'value': 0.92}, {'date': 1748217600, 'value': 0.96}, {'date': 1748304000, 'value': 0.88}, {'date': 1748390400, 'value': 0.89}, {'date': 1748476800, 'value': 0.89}, {'date': 1748563200, 'value': 0.87}]",[],1456,11252863,38,5.0,1
17545303,cintakita,"{'id': 'MY', 'value': 'Malaysia', 'label': 'MY'}","{'id': '', 'value': '', 'label': ''}","[{'date': 1746057600, 'value': 0.12}, {'date': 1746144000, 'value': 0.1}, {'date': 1746230400, 'value': 0.09}, {'date': 1746316800, 'value': 0.11}, {'date': 1746403200, 'value': 0.14}, {'date': 1746489600, 'value': 0.13}, {'date': 1746576000, 'value': 0.11}, {'date': 1746662400, 'value': 0.12}, {'date': 1746748800, 'value': 0.09}, {'date': 1746835200, 'value': 0.07}, {'date': 1746921600, 'value': 0.08}, {'date': 1747008000, 'value': 0.08}, {'date': 1747094400, 'value': 0.1}, {'date': 1747180800, 'value': 0.08}, {'date': 1747267200, 'value': 0.11}, {'date': 1747353600, 'value': 0.09}, {'date': 1747440000, 'value': 0.11}, {'date': 1747526400, 'value': 0.12}, {'date': 1747612800, 'value': 0.11}, {'date': 1747699200, 'value': 0.12}, {'date': 1747785600, 'value': 0.13}, {'date': 1747872000, 'value': 0.12}, {'date': 1747958400, 'value': 0.12}, {'date': 1748044800, 'value': 0.11}, {'date': 1748131200, 'value': 0.12}, {'date': 1748217600, 'value': 0.16}, {'date': 1748304000, 'value': 0.59}, {'date': 1748390400, 'value': 0.86}, {'date': 1748476800, 'value': 1}, {'date': 1748563200, 'value': 0.86}]",[],1581,5271875,39,19.0,1
1663122791879681,livedebut,"{'id': 'MY', 'value': 'Malaysia', 'label': 'MY'}","{'id': '', 'value': '', 'label': ''}","[{'date': 1746057600, 'value': 0.04}, {'date': 1746144000, 'value': 0.04}, {'date': 1746230400, 'value': 0.04}, {'date': 1746316800, 'value': 0.04}, {'date': 1746403200, 'value': 0.04}, {'date': 1746489600, 'value': 0.04}, {'date': 1746576000, 'value': 0.04}, {'date': 1746662400, 'value': 0.04}, {'date': 1746748800, 'value': 0.04}, {'date': 1746835200, 'value': 0.04}, {'date': 1746921600, 'value': 0.04}, {'date': 1747008000, 'value': 0.04}, {'date': 1747094400, 'value': 0.04}, {'date': 1747180800, 'value': 0.04}, {'date': 1747267200, 'value': 0.04}, {'date': 1747353600, 'value': 0.04}, {'date': 1747440000, 'value': 0.04}, {'date': 1747526400, 'value': 0.04}, {'date': 1747612800, 'value': 0.04}, {'date': 1747699200, 'value': 0.04}, {'date': 1747785600, 'value': 0.04}, {'date': 1747872000, 'value': 0.04}, {'date': 1747958400, 'value': 0.36}, {'date': 1748044800, 'value': 0.49}, {'date': 1748131200, 'value': 0.42}, {'date': 1748217600, 'value': 0.37}, {'date': 1748304000, 'value': 0.36}, {'date': 1748390400, 'value': 0.42}, {'date': 1748476800, 'value': 0.79}, {'date': 1748563200, 'value': 1}]",[],1375,6180802,40,30.0,1
4595645,tanskin,"{'id': 'MY', 'value': 'Malaysia', 'label': 'MY'}","{'id': 14000000000, 'value': 'Beauty & Personal Care', 'label': 'label_14000000000'}","[{'date': 1746057600, 'value': 0.26}, {'date': 1746144000, 'value': 0.34}, {'date': 1746230400, 'value': 0.31}, {'date': 1746316800, 'value': 0.3}, {'date': 1746403200, 'value': 0.39}, {'date': 1746489600, 'value': 0.28}, {'date': 1746576000, 'value': 0.3}, {'date': 1746662400, 'value': 0.29}, {'date': 1746748800, 'value': 0.26}, {'date': 1746835200, 'value': 0.28}, {'date': 1746921600, 'value': 0.35}, {'date': 1747008000, 'value': 0.24}, {'date': 1747094400, 'value': 0.28}, {'date': 1747180800, 'value': 0.3}, {'date': 1747267200, 'value': 0.28}, {'date': 1747353600, 'value': 0.32}, {'date': 1747440000, 'value': 0.34}, {'date': 1747526400, 'value': 0.32}, {'date': 1747612800, 'value': 0.3}, {'date': 1747699200, 'value': 0.31}, {'date': 1747785600, 'value': 0.29}, {'date': 1747872000, 'value': 0.34}, {'date': 1747958400, 'value': 0.38}, {'date': 1748044800, 'value': 0.75}, {'date': 1748131200, 'value': 1}, {'date': 1748217600, 'value': 0.96}, {'date': 1748304000, 'value': 0.72}, {'date': 1748390400, 'value': 0.61}, {'date': 1748476800, 'value': 0.59}, {'date': 1748563200, 'value': 0.66}]",[],700,14222494,41,3.0,1
1672143586898946,nasyidmalaysia,"{'id': 'MY', 'value': 'Malaysia', 'label': 'MY'}","{'id': '', 'value': '', 'label': ''}","[{'date': 1746057600, 'value': 0.32}, {'date': 1746144000, 'value': 0.28}, {'date': 1746230400, 'value': 0.31}, {'date': 1746316800, 'value': 0.32}, {'date': 1746403200, 'value': 0.35}, {'date': 1746489600, 'value': 0.23}, {'date': 1746576000, 'value': 0.39}, {'date': 1746662400, 'value': 0.32}, {'date': 1746748800, 'value': 0.35}, {'date': 1746835200, 'value': 0.35}, {'date': 1746921600, 'value': 0.37}, {'date': 1747008000, 'value': 0.42}, {'date': 1747094400, 'value': 0.37}, {'date': 1747180800, 'value': 0.27}, {'date': 1747267200, 'value': 0.29}, {'date': 1747353600, 'value': 0.29}, {'date': 1747440000, 'value': 0.38}, {'date': 1747526400, 'value': 0.26}, {'date': 1747612800, 'value': 0.34}, {'date': 1747699200, 'value': 0.33}, {'date': 1747785600, 'value': 0.4}, {'date': 1747872000, 'value': 0.52}, {'date': 1747958400, 'value': 0.93}, {'date': 1748044800, 'value': 0.93}, {'date': 1748131200, 'value': 0.88}, {'date': 1748217600, 'value': 0.87}, {'date': 1748304000, 'value': 0.8}, {'date': 1748390400, 'value': 1}, {'date': 1748476800, 'value': 0.97}, {'date': 1748563200, 'value': 0.94}]",[],896,14750343,42,4.0,1
14195,alicia,"{'id': 'MY', 'value': 'Malaysia', 'label': 'MY'}","{'id': '', 'value': '', 'label': ''}","[{'date': 1746057600, 'value': 0.04}, {'date': 1746144000, 'value': 0.15}, {'date': 1746230400, 'value': 0.14}, {'date': 1746316800, 'value': 0.16}, {'date': 1746403200, 'value': 0.15}, {'date': 1746489600, 'value': 0.14}, {'date': 1746576000, 'value': 0.09}, {'date': 1746662400, 'value': 0.11}, {'date': 1746748800, 'value': 0.09}, {'date': 1746835200, 'value': 0.08}, {'date': 1746921600, 'value': 0.11}, {'date': 1747008000, 'value': 0.07}, {'date': 1747094400, 'value': 0.13}, {'date': 1747180800, 'value': 0.1}, {'date': 1747267200, 'value': 0.09}, {'date': 1747353600, 'value': 0.08}, {'date': 1747440000, 'value': 0.12}, {'date': 1747526400, 'value': 0.14}, {'date': 1747612800, 'value': 0.22}, {'date': 1747699200, 'value': 0.25}, {'date': 1747785600, 'value': 0.24}, {'date': 1747872000, 'value': 0.4}, {'date': 1747958400, 'value': 0.4}, {'date': 1748044800, 'value': 0.43}, {'date': 1748131200, 'value': 0.73}, {'date': 1748217600, 'value': 0.89}, {'date': 1748304000, 'value': 0.7}, {'date': 1748390400, 'value': 0.61}, {'date': 1748476800, 'value': 0.59}, {'date': 1748563200, 'value': 1}]",[],717,21672657,43,13.0,1
80220977,pencen,"{'id': 'MY', 'value': 'Malaysia', 'label': 'MY'}","{'id': 13000000000, 'value': 'Financial Services', 'label': 'label_13000000000'}","[{'date': 1746057600, 'value': 0.5}, {'date': 1746144000, 'value': 0.51}, {'date': 1746230400, 'value': 0.51}, {'date': 1746316800, 'value': 0.49}, {'date': 1746403200, 'value': 0.38}, {'date': 1746489600, 'value': 0.49}, {'date': 1746576000, 'value': 0.53}, {'date': 1746662400, 'value': 0.52}, {'date': 1746748800, 'value': 0.45}, {'date': 1746835200, 'value': 0.44}, {'date': 1746921600, 'value': 0.4}, {'date': 1747008000, 'value': 0.33}, {'date': 1747094400, 'value': 0.42}, {'date': 1747180800, 'value': 0.44}, {'date': 1747267200, 'value': 0.52}, {'date': 1747353600, 'value': 0.48}, {'date': 1747440000, 'value': 0.66}, {'date': 1747526400, 'value': 0.47}, {'date': 1747612800, 'value': 0.5}, {'date': 1747699200, 'value': 0.58}, {'date': 1747785600, 'value': 0.6}, {'date': 1747872000, 'value': 0.82}, {'date': 1747958400, 'value': 0.76}, {'date': 1748044800, 'value': 0.78}, {'date': 1748131200, 'value': 0.69}, {'date': 1748217600, 'value': 0.6}, {'date': 1748304000, 'value': 0.83}, {'date': 1748390400, 'value': 0.9}, {'date': 1748476800, 'value': 1}, {'date': 1748563200, 'value': 0.97}]",[],1179,5717805,44,,4
411174,airshow,"{'id': 'MY', 'value': 'Malaysia', 'label': 'MY'}","{'id': 11000000000, 'value': 'Vehicle & Transportation', 'label': 'label_11000000000'}","[{'date': 1746057600, 'value': 0.14}, {'date': 1746144000, 'value': 0.16}, {'date': 1746230400, 'value': 0.12}, {'date': 1746316800, 'value': 0.16}, {'date': 1746403200, 'value': 0.11}, {'date': 1746489600, 'value': 0.18}, {'date': 1746576000, 'value': 0.21}, {'date': 1746662400, 'value': 0.22}, {'date': 1746748800, 'value': 0.18}, {'date': 1746835200, 'value': 0.29}, {'date': 1746921600, 'value': 0.36}, {'date': 1747008000, 'value': 0.29}, {'date': 1747094400, 'value': 0.24}, {'date': 1747180800, 'value': 0.34}, {'date': 1747267200, 'value': 0.32}, {'date': 1747353600, 'value': 0.37}, {'date': 1747440000, 'value': 0.43}, {'date': 1747526400, 'value': 0.47}, {'date': 1747612800, 'value': 0.43}, {'date': 1747699200, 'value': 0.51}, {'date': 1747785600, 'value': 0.97}, {'date': 1747872000, 'value': 1}, {'date': 1747958400, 'value': 0.86}, {'date': 1748044800, 'value': 0.84}, {'date': 1748131200, 'value': 0.9}, {'date': 1748217600, 'value': 0.8}, {'date': 1748304000, 'value': 0.56}, {'date': 1748390400, 'value': 0.57}, {'date': 1748476800, 'value': 0.39}, {'date': 1748563200, 'value': 0.38}]",[],1035,16569649,45,0.0,2
1705757739236358,growagardenü•íüå∂üçÖ,"{'id': 'MY', 'value': 'Malaysia', 'label': 'MY'}","{'id': 25000000000, 'value': 'Games', 'label': 'label_25000000000'}","[{'date': 1746057600, 'value': 0.04}, {'date': 1746144000, 'value': 0.06}, {'date': 1746230400, 'value': 0.05}, {'date': 1746316800, 'value': 0.05}, {'date': 1746403200, 'value': 0.1}, {'date': 1746489600, 'value': 0.1}, {'date': 1746576000, 'value': 0.07}, {'date': 1746662400, 'value': 0.09}, {'date': 1746748800, 'value': 0.07}, {'date': 1746835200, 'value': 0.11}, {'date': 1746921600, 'value': 0.21}, {'date': 1747008000, 'value': 0.15}, {'date': 1747094400, 'value': 0.22}, {'date': 1747180800, 'value': 0.14}, {'date': 1747267200, 'value': 0.21}, {'date': 1747353600, 'value': 0.14}, {'date': 1747440000, 'value': 0.27}, {'date': 1747526400, 'value': 0.52}, {'date': 1747612800, 'value': 0.54}, {'date': 1747699200, 'value': 0.46}, {'date': 1747785600, 'value': 0.5}, {'date': 1747872000, 'value': 0.52}, {'date': 1747958400, 'value': 0.5}, {'date': 1748044800, 'value': 0.63}, {'date': 1748131200, 'value': 0.97}, {'date': 1748217600, 'value': 0.97}, {'date': 1748304000, 'value': 0.65}, {'date': 1748390400, 'value': 0.63}, {'date': 1748476800, 'value': 0.7}, {'date': 1748563200, 'value': 1}]",[],939,9379955,46,7.0,1
72892350,batch05,"{'id': 'MY', 'value': 'Malaysia', 'label': 'MY'}","{'id': '', 'value': '', 'label': ''}","[{'date': 1746057600, 'value': 0.18}, {'date': 1746144000, 'value': 0.14}, {'date': 1746230400, 'value': 0.18}, {'date': 1746316800, 'value': 0.15}, {'date': 1746403200, 'value': 0.13}, {'date': 1746489600, 'value': 0.15}, {'date': 1746576000, 'value': 0.13}, {'date': 1746662400, 'value': 0.12}, {'date': 1746748800, 'value': 0.12}, {'date': 1746835200, 'value': 0.1}, {'date': 1746921600, 'value': 0.13}, {'date': 1747008000, 'value': 0.11}, {'date': 1747094400, 'value': 0.08}, {'date': 1747180800, 'value': 0.11}, {'date': 1747267200, 'value': 0.25}, {'date': 1747353600, 'value': 0.14}, {'date': 1747440000, 'value': 0.13}, {'date': 1747526400, 'value': 0.1}, {'date': 1747612800, 'value': 0.12}, {'date': 1747699200, 'value': 0.16}, {'date': 1747785600, 'value': 0.17}, {'date': 1747872000, 'value': 0.17}, {'date': 1747958400, 'value': 0.13}, {'date': 1748044800, 'value': 0.2}, {'date': 1748131200, 'value': 0.15}, {'date': 1748217600, 'value': 0.12}, {'date': 1748304000, 'value': 0.16}, {'date': 1748390400, 'value': 0.27}, {'date': 1748476800, 'value': 1}, {'date': 1748563200, 'value': 0.74}]",[],812,8267255,47,13.0,1
3709153,mufc,"{'id': 'MY', 'value': 'Malaysia', 'label': 'MY'}","{'id': 28000000000, 'value': 'Sports & Outdoor', 'label': 'label_28000000000'}","[{'date': 1746057600, 'value': 0.12}, {'date': 1746144000, 'value': 0.29}, {'date': 1746230400, 'value': 0.38}, {'date': 1746316800, 'value': 0.19}, {'date': 1746403200, 'value': 0.26}, {'date': 1746489600, 'value': 0.15}, {'date': 1746576000, 'value': 0.15}, {'date': 1746662400, 'value': 0.15}, {'date': 1746748800, 'value': 0.36}, {'date': 1746835200, 'value': 0.49}, {'date': 1746921600, 'value': 0.26}, {'date': 1747008000, 'value': 0.3}, {'date': 1747094400, 'value': 0.21}, {'date': 1747180800, 'value': 0.17}, {'date': 1747267200, 'value': 0.16}, {'date': 1747353600, 'value': 0.15}, {'date': 1747440000, 'value': 0.2}, {'date': 1747526400, 'value': 0.21}, {'date': 1747612800, 'value': 0.21}, {'date': 1747699200, 'value': 0.14}, {'date': 1747785600, 'value': 0.34}, {'date': 1747872000, 'value': 0.5}, {'date': 1747958400, 'value': 0.45}, {'date': 1748044800, 'value': 0.24}, {'date': 1748131200, 'value': 0.24}, {'date': 1748217600, 'value': 0.3}, {'date': 1748304000, 'value': 0.41}, {'date': 1748390400, 'value': 0.52}, {'date': 1748476800, 'value': 1}, {'date': 1748563200, 'value': 0.93}]","[{'nick_name': '‡πÇ‡∏≠‡∏õ‡∏≠‡∏•‡πåAllin', 'avatar_url': 'https://p16-sign-useast2a.tiktokcdn.com/tos-useast2a-avt-0068-giso/9df32cc68ec0ee2868d110ff12b219d9~tplv-tiktokx-cropcenter:100:100.png?dr=14579&refresh_token=3a6e118e&x-expires=1748872800&x-signature=VlUGSPtdo19X6fkZabhxug3gJJw%3D&t=4d5b0474&ps=13740610&shp=a5d48078&shcp=317596d8&idc=sg1'}]",742,29781536,48,11.0,1
7194819022398062618,asean2025,"{'id': 'MY', 'value': 'Malaysia', 'label': 'MY'}","{'id': '', 'value': '', 'label': ''}","[{'date': 1746057600, 'value': 0.08}, {'date': 1746144000, 'value': 0.07}, {'date': 1746230400, 'value': 0.04}, {'date': 1746316800, 'value': 0.04}, {'date': 1746403200, 'value': 0.03}, {'date': 1746489600, 'value': 0.06}, {'date': 1746576000, 'value': 0.11}, {'date': 1746662400, 'value': 0.11}, {'date': 1746748800, 'value': 0.07}, {'date': 1746835200, 'value': 0.07}, {'date': 1746921600, 'value': 0.07}, {'date': 1747008000, 'value': 0.06}, {'date': 1747094400, 'value': 0.05}, {'date': 1747180800, 'value': 0.07}, {'date': 1747267200, 'value': 0.09}, {'date': 1747353600, 'value': 0.07}, {'date': 1747440000, 'value': 0.05}, {'date': 1747526400, 'value': 0.15}, {'date': 1747612800, 'value': 0.18}, {'date': 1747699200, 'value': 0.47}, {'date': 1747785600, 'value': 0.53}, {'date': 1747872000, 'value': 0.42}, {'date': 1747958400, 'value': 0.7}, {'date': 1748044800, 'value': 0.65}, {'date': 1748131200, 'value': 0.55}, {'date': 1748217600, 'value': 0.6}, {'date': 1748304000, 'value': 0.96}, {'date': 1748390400, 'value': 1}, {'date': 1748476800, 'value': 0.88}, {'date': 1748563200, 'value': 0.75}]",[],822,28932592,49,3.0,1
2894173,praktikum,"{'id': 'MY', 'value': 'Malaysia', 'label': 'MY'}","{'id': 10000000000, 'value': 'Education', 'label': 'label_10000000000'}","[{'date': 1746057600, 'value': 0.34}, {'date': 1746144000, 'value': 0.33}, {'date': 1746230400, 'value': 0.38}, {'date': 1746316800, 'value': 0.32}, {'date': 1746403200, 'value': 0.33}, {'date': 1746489600, 'value': 0.33}, {'date': 1746576000, 'value': 0.47}, {'date': 1746662400, 'value': 0.3}, {'date': 1746748800, 'value': 0.43}, {'date': 1746835200, 'value': 0.42}, {'date': 1746921600, 'value': 0.28}, {'date': 1747008000, 'value': 0.39}, {'date': 1747094400, 'value': 0.35}, {'date': 1747180800, 'value': 0.38}, {'date': 1747267200, 'value': 0.41}, {'date': 1747353600, 'value': 0.48}, {'date': 1747440000, 'value': 0.68}, {'date': 1747526400, 'value': 0.56}, {'date': 1747612800, 'value': 0.56}, {'date': 1747699200, 'value': 0.47}, {'date': 1747785600, 'value': 0.47}, {'date': 1747872000, 'value': 0.46}, {'date': 1747958400, 'value': 0.47}, {'date': 1748044800, 'value': 0.42}, {'date': 1748131200, 'value': 0.5}, {'date': 1748217600, 'value': 0.38}, {'date': 1748304000, 'value': 0.44}, {'date': 1748390400, 'value': 0.55}, {'date': 1748476800, 'value': 1}, {'date': 1748563200, 'value': 0.82}]",[],879,12676332,50,0.0,2
7210440129775665179,papalaris,"{'id': 'MY', 'value': 'Malaysia', 'label': 'MY'}","{'id': 22000000000, 'value': 'Apparel & Accessories', 'label': 'label_22000000000'}","[{'date': 1746057600, 'value': 0.6}, {'date': 1746144000, 'value': 0.47}, {'date': 1746230400, 'value': 0.47}, {'date': 1746316800, 'value': 0.37}, {'date': 1746403200, 'value': 0.37}, {'date': 1746489600, 'value': 0.41}, {'date': 1746576000, 'value': 0.45}, {'date': 1746662400, 'value': 0.5}, {'date': 1746748800, 'value': 0.39}, {'date': 1746835200, 'value': 0.58}, {'date': 1746921600, 'value': 0.33}, {'date': 1747008000, 'value': 0.36}, {'date': 1747094400, 'value': 0.37}, {'date': 1747180800, 'value': 0.58}, {'date': 1747267200, 'value': 0.76}, {'date': 1747353600, 'value': 0.51}, {'date': 1747440000, 'value': 0.58}, {'date': 1747526400, 'value': 0.61}, {'date': 1747612800, 'value': 0.61}, {'date': 1747699200, 'value': 0.94}, {'date': 1747785600, 'value': 0.86}, {'date': 1747872000, 'value': 0.74}, {'date': 1747958400, 'value': 0.81}, {'date': 1748044800, 'value': 0.67}, {'date': 1748131200, 'value': 0.63}, {'date': 1748217600, 'value': 0.98}, {'date': 1748304000, 'value': 1}, {'date': 1748390400, 'value': 0.88}, {'date': 1748476800, 'value': 0.76}, {'date': 1748563200, 'value': 0.85}]",[],1106,12210401,51,2.0,3
1620950459322549,garnacho,"{'id': 'MY', 'value': 'Malaysia', 'label': 'MY'}","{'id': 28000000000, 'value': 'Sports & Outdoor', 'label': 'label_28000000000'}","[{'date': 1746057600, 'value': 0.07}, {'date': 1746144000, 'value': 0.1}, {'date': 1746230400, 'value': 0.11}, {'date': 1746316800, 'value': 0.1}, {'date': 1746403200, 'value': 0.13}, {'date': 1746489600, 'value': 0.14}, {'date': 1746576000, 'value': 0.09}, {'date': 1746662400, 'value': 0.06}, {'date': 1746748800, 'value': 0.11}, {'date': 1746835200, 'value': 0.08}, {'date': 1746921600, 'value': 0.09}, {'date': 1747008000, 'value': 0.1}, {'date': 1747094400, 'value': 0.11}, {'date': 1747180800, 'value': 0.05}, {'date': 1747267200, 'value': 0.08}, {'date': 1747353600, 'value': 0.05}, {'date': 1747440000, 'value': 0.09}, {'date': 1747526400, 'value': 0.08}, {'date': 1747612800, 'value': 0.11}, {'date': 1747699200, 'value': 0.09}, {'date': 1747785600, 'value': 0.1}, {'date': 1747872000, 'value': 0.15}, {'date': 1747958400, 'value': 0.13}, {'date': 1748044800, 'value': 0.13}, {'date': 1748131200, 'value': 0.14}, {'date': 1748217600, 'value': 0.23}, {'date': 1748304000, 'value': 0.12}, {'date': 1748390400, 'value': 0.25}, {'date': 1748476800, 'value': 0.68}, {'date': 1748563200, 'value': 1}]",[],537,20385176,52,,4
8090971,24,"{'id': 'MY', 'value': 'Malaysia', 'label': 'MY'}","{'id': '', 'value': '', 'label': ''}","[{'date': 1746057600, 'value': 0.29}, {'date': 1746144000, 'value': 0.32}, {'date': 1746230400, 'value': 0.27}, {'date': 1746316800, 'value': 0.26}, {'date': 1746403200, 'value': 0.25}, {'date': 1746489600, 'value': 0.23}, {'date': 1746576000, 'value': 0.24}, {'date': 1746662400, 'value': 0.21}, {'date': 1746748800, 'value': 0.22}, {'date': 1746835200, 'value': 0.21}, {'date': 1746921600, 'value': 0.23}, {'date': 1747008000, 'value': 0.23}, {'date': 1747094400, 'value': 0.24}, {'date': 1747180800, 'value': 0.23}, {'date': 1747267200, 'value': 0.24}, {'date': 1747353600, 'value': 0.23}, {'date': 1747440000, 'value': 0.25}, {'date': 1747526400, 'value': 0.24}, {'date': 1747612800, 'value': 0.23}, {'date': 1747699200, 'value': 0.25}, {'date': 1747785600, 'value': 0.27}, {'date': 1747872000, 'value': 0.27}, {'date': 1747958400, 'value': 0.29}, {'date': 1748044800, 'value': 0.43}, {'date': 1748131200, 'value': 1}, {'date': 1748217600, 'value': 0.64}, {'date': 1748304000, 'value': 0.49}, {'date': 1748390400, 'value': 0.38}, {'date': 1748476800, 'value': 0.35}, {'date': 1748563200, 'value': 0.31}]",[],1288,3530941,53,5.0,3
1594006057681925,pestabuku,"{'id': 'MY', 'value': 'Malaysia', 'label': 'MY'}","{'id': '', 'value': '', 'label': ''}","[{'date': 1746057600, 'value': 0.61}, {'date': 1746144000, 'value': 0.38}, {'date': 1746230400, 'value': 0.41}, {'date': 1746316800, 'value': 0.36}, {'date': 1746403200, 'value': 0.33}, {'date': 1746489600, 'value': 0.33}, {'date': 1746576000, 'value': 0.33}, {'date': 1746662400, 'value': 0.29}, {'date': 1746748800, 'value': 0.26}, {'date': 1746835200, 'value': 0.26}, {'date': 1746921600, 'value': 0.25}, {'date': 1747008000, 'value': 0.19}, {'date': 1747094400, 'value': 0.28}, {'date': 1747180800, 'value': 0.25}, {'date': 1747267200, 'value': 0.3}, {'date': 1747353600, 'value': 0.33}, {'date': 1747440000, 'value': 0.4}, {'date': 1747526400, 'value': 0.26}, {'date': 1747612800, 'value': 0.28}, {'date': 1747699200, 'value': 0.38}, {'date': 1747785600, 'value': 0.43}, {'date': 1747872000, 'value': 0.48}, {'date': 1747958400, 'value': 0.59}, {'date': 1748044800, 'value': 0.78}, {'date': 1748131200, 'value': 1}, {'date': 1748217600, 'value': 0.94}, {'date': 1748304000, 'value': 0.9}, {'date': 1748390400, 'value': 0.72}, {'date': 1748476800, 'value': 0.78}, {'date': 1748563200, 'value': 0.87}]",[],1258,6307108,54,3.0,3
16075201,ypm,"{'id': 'MY', 'value': 'Malaysia', 'label': 'MY'}","{'id': '', 'value': '', 'label': ''}","[{'date': 1746057600, 'value': 0.39}, {'date': 1746144000, 'value': 0.31}, {'date': 1746230400, 'value': 0.24}, {'date': 1746316800, 'value': 0.22}, {'date': 1746403200, 'value': 0.36}, {'date': 1746489600, 'value': 0.4}, {'date': 1746576000, 'value': 0.61}, {'date': 1746662400, 'value': 0.52}, {'date': 1746748800, 'value': 0.51}, {'date': 1746835200, 'value': 0.52}, {'date': 1746921600, 'value': 0.47}, {'date': 1747008000, 'value': 0.45}, {'date': 1747094400, 'value': 0.36}, {'date': 1747180800, 'value': 0.37}, {'date': 1747267200, 'value': 0.33}, {'date': 1747353600, 'value': 0.24}, {'date': 1747440000, 'value': 0.13}, {'date': 1747526400, 'value': 0.12}, {'date': 1747612800, 'value': 0.1}, {'date': 1747699200, 'value': 0.12}, {'date': 1747785600, 'value': 0.25}, {'date': 1747872000, 'value': 0.31}, {'date': 1747958400, 'value': 0.38}, {'date': 1748044800, 'value': 0.23}, {'date': 1748131200, 'value': 0.54}, {'date': 1748217600, 'value': 1}, {'date': 1748304000, 'value': 0.68}, {'date': 1748390400, 'value': 0.51}, {'date': 1748476800, 'value': 0.51}, {'date': 1748563200, 'value': 0.48}]",[],877,3814761,55,8.0,3
208755,manunited,"{'id': 'MY', 'value': 'Malaysia', 'label': 'MY'}","{'id': 28000000000, 'value': 'Sports & Outdoor', 'label': 'label_28000000000'}","[{'date': 1746057600, 'value': 0.15}, {'date': 1746144000, 'value': 0.2}, {'date': 1746230400, 'value': 0.31}, {'date': 1746316800, 'value': 0.14}, {'date': 1746403200, 'value': 0.21}, {'date': 1746489600, 'value': 0.18}, {'date': 1746576000, 'value': 0.16}, {'date': 1746662400, 'value': 0.13}, {'date': 1746748800, 'value': 0.35}, {'date': 1746835200, 'value': 0.37}, {'date': 1746921600, 'value': 0.26}, {'date': 1747008000, 'value': 0.23}, {'date': 1747094400, 'value': 0.17}, {'date': 1747180800, 'value': 0.12}, {'date': 1747267200, 'value': 0.16}, {'date': 1747353600, 'value': 0.14}, {'date': 1747440000, 'value': 0.22}, {'date': 1747526400, 'value': 0.22}, {'date': 1747612800, 'value': 0.18}, {'date': 1747699200, 'value': 0.11}, {'date': 1747785600, 'value': 0.22}, {'date': 1747872000, 'value': 0.47}, {'date': 1747958400, 'value': 0.52}, {'date': 1748044800, 'value': 0.27}, {'date': 1748131200, 'value': 0.16}, {'date': 1748217600, 'value': 0.3}, {'date': 1748304000, 'value': 0.44}, {'date': 1748390400, 'value': 0.61}, {'date': 1748476800, 'value': 1}, {'date': 1748563200, 'value': 0.91}]",[],562,29980733,56,11.0,1
38079266,animy,"{'id': 'MY', 'value': 'Malaysia', 'label': 'MY'}","{'id': 25000000000, 'value': 'Games', 'label': 'label_25000000000'}","[{'date': 1746057600, 'value': 0.56}, {'date': 1746144000, 'value': 0.72}, {'date': 1746230400, 'value': 0.42}, {'date': 1746316800, 'value': 0.44}, {'date': 1746403200, 'value': 0.39}, {'date': 1746489600, 'value': 0.42}, {'date': 1746576000, 'value': 0.28}, {'date': 1746662400, 'value': 0.37}, {'date': 1746748800, 'value': 0.24}, {'date': 1746835200, 'value': 0.28}, {'date': 1746921600, 'value': 0.39}, {'date': 1747008000, 'value': 0.38}, {'date': 1747094400, 'value': 0.4}, {'date': 1747180800, 'value': 0.32}, {'date': 1747267200, 'value': 0.36}, {'date': 1747353600, 'value': 0.4}, {'date': 1747440000, 'value': 0.34}, {'date': 1747526400, 'value': 0.5}, {'date': 1747612800, 'value': 0.71}, {'date': 1747699200, 'value': 0.6}, {'date': 1747785600, 'value': 0.62}, {'date': 1747872000, 'value': 0.61}, {'date': 1747958400, 'value': 0.67}, {'date': 1748044800, 'value': 0.64}, {'date': 1748131200, 'value': 0.87}, {'date': 1748217600, 'value': 1}, {'date': 1748304000, 'value': 0.82}, {'date': 1748390400, 'value': 0.8}, {'date': 1748476800, 'value': 0.68}, {'date': 1748563200, 'value': 0.79}]",[],633,40213556,57,2.0,3
68798035,kettlebellworkout,"{'id': 'MY', 'value': 'Malaysia', 'label': 'MY'}","{'id': 28000000000, 'value': 'Sports & Outdoor', 'label': 'label_28000000000'}","[{'date': 1746057600, 'value': 0.55}, {'date': 1746144000, 'value': 0.58}, {'date': 1746230400, 'value': 0.48}, {'date': 1746316800, 'value': 0.48}, {'date': 1746403200, 'value': 0.41}, {'date': 1746489600, 'value': 0.51}, {'date': 1746576000, 'value': 0.56}, {'date': 1746662400, 'value': 0.52}, {'date': 1746748800, 'value': 0.51}, {'date': 1746835200, 'value': 0.63}, {'date': 1746921600, 'value': 0.47}, {'date': 1747008000, 'value': 0.46}, {'date': 1747094400, 'value': 0.6}, {'date': 1747180800, 'value': 0.85}, {'date': 1747267200, 'value': 0.74}, {'date': 1747353600, 'value': 0.7}, {'date': 1747440000, 'value': 0.74}, {'date': 1747526400, 'value': 0.69}, {'date': 1747612800, 'value': 0.68}, {'date': 1747699200, 'value': 0.78}, {'date': 1747785600, 'value': 0.81}, {'date': 1747872000, 'value': 0.84}, {'date': 1747958400, 'value': 0.81}, {'date': 1748044800, 'value': 0.65}, {'date': 1748131200, 'value': 0.71}, {'date': 1748217600, 'value': 0.63}, {'date': 1748304000, 'value': 0.82}, {'date': 1748390400, 'value': 0.85}, {'date': 1748476800, 'value': 1}, {'date': 1748563200, 'value': 0.93}]",[],1080,6974669,58,1.0,3
21837329,lhdn,"{'id': 'MY', 'value': 'Malaysia', 'label': 'MY'}","{'id': 13000000000, 'value': 'Financial Services', 'label': 'label_13000000000'}","[{'date': 1746057600, 'value': 0.42}, {'date': 1746144000, 'value': 0.21}, {'date': 1746230400, 'value': 0.35}, {'date': 1746316800, 'value': 0.17}, {'date': 1746403200, 'value': 0.2}, {'date': 1746489600, 'value': 0.31}, {'date': 1746576000, 'value': 0.39}, {'date': 1746662400, 'value': 0.37}, {'date': 1746748800, 'value': 0.4}, {'date': 1746835200, 'value': 0.4}, {'date': 1746921600, 'value': 0.25}, {'date': 1747008000, 'value': 0.24}, {'date': 1747094400, 'value': 0.41}, {'date': 1747180800, 'value': 0.44}, {'date': 1747267200, 'value': 0.44}, {'date': 1747353600, 'value': 0.42}, {'date': 1747440000, 'value': 0.35}, {'date': 1747526400, 'value': 0.24}, {'date': 1747612800, 'value': 0.23}, {'date': 1747699200, 'value': 0.43}, {'date': 1747785600, 'value': 0.35}, {'date': 1747872000, 'value': 0.42}, {'date': 1747958400, 'value': 0.38}, {'date': 1748044800, 'value': 0.41}, {'date': 1748131200, 'value': 0.3}, {'date': 1748217600, 'value': 0.26}, {'date': 1748304000, 'value': 0.34}, {'date': 1748390400, 'value': 0.43}, {'date': 1748476800, 'value': 0.33}, {'date': 1748563200, 'value': 1}]",[],844,13320861,59,,4
7271959274480697349,shakeittothemax,"{'id': 'MY', 'value': 'Malaysia', 'label': 'MY'}","{'id': '', 'value': '', 'label': ''}","[{'date': 1746057600, 'value': 0.19}, {'date': 1746144000, 'value': 0.19}, {'date': 1746230400, 'value': 0.19}, {'date': 1746316800, 'value': 0.22}, {'date': 1746403200, 'value': 0.24}, {'date': 1746489600, 'value': 0.15}, {'date': 1746576000, 'value': 0.19}, {'date': 1746662400, 'value': 0.31}, {'date': 1746748800, 'value': 0.19}, {'date': 1746835200, 'value': 0.3}, {'date': 1746921600, 'value': 0.32}, {'date': 1747008000, 'value': 0.31}, {'date': 1747094400, 'value': 0.34}, {'date': 1747180800, 'value': 0.32}, {'date': 1747267200, 'value': 0.28}, {'date': 1747353600, 'value': 0.38}, {'date': 1747440000, 'value': 0.4}, {'date': 1747526400, 'value': 0.49}, {'date': 1747612800, 'value': 0.55}, {'date': 1747699200, 'value': 0.49}, {'date': 1747785600, 'value': 0.44}, {'date': 1747872000, 'value': 0.49}, {'date': 1747958400, 'value': 0.62}, {'date': 1748044800, 'value': 0.6}, {'date': 1748131200, 'value': 0.73}, {'date': 1748217600, 'value': 0.74}, {'date': 1748304000, 'value': 0.6}, {'date': 1748390400, 'value': 0.62}, {'date': 1748476800, 'value': 0.83}, {'date': 1748563200, 'value': 1}]",[],654,8205990,60,12.0,1
